,H,He,Li,Be,B,C,N,O,F,Ne,Na,Mg,Al,Si,P,S,Cl,Ar,K,Ca,Sc,Ti,V,Cr,Mn,Fe,Co,Ni,Cu,Zn,Ga,Ge,As,Se,Br,Kr,Rb,Sr,Y,Zr,Nb,Mo,Tc,Ru,Rh,Pd,Ag,Cd,In,Sn,Sb,Te,I,Xe,Cs,Ba,La,Ce,Pr,Nd,Pm,Sm,Eu,Gd,Tb,Dy,Ho,Er,Tm,Yb,Lu,Hf,Ta,W,Re,Os,Ir,Pt,Au,Hg,Tl,Pb,Bi,Po,At,Rn,Fr,Ra,Ac,Th,Pa,U,Np,Pu,Am,Cm,Bk,Cf
H,1.0,0.0,0.0,0.0,0.0,0.0,0.0,0.0,0.0,0.0,0.0,0.0,0.0,0.0,0.0,0.0,0.0,0.0,0.0,0.0,0.0,0.0,0.0,0.0,0.0,0.0,0.0,0.0,0.0,0.0,0.0,0.0,0.0,0.0,0.0,0.0,0.0,0.0,0.0,0.0,0.0,0.0,0.0,0.0,0.0,0.0,0.0,0.0,0.0,0.0,0.0,0.0,0.0,0.0,0.0,0.0,0.0,0.0,0.0,0.0,0.0,0.0,0.0,0.0,0.0,0.0,0.0,0.0,0.0,0.0,0.0,0.0,0.0,0.0,0.0,0.0,0.0,0.0,0.0,0.0,0.0,0.0,0.0,0.0,0.0,0.0,0.0,0.0,0.0,0.0,0.0,0.0,0.0,0.0,0.0,0.0,0.0,0.0
He,0.0,1.0,0.0,0.0,0.0,0.0,0.0,0.0,0.0,0.0,0.0,0.0,0.0,0.0,0.0,0.0,0.0,0.0,0.0,0.0,0.0,0.0,0.0,0.0,0.0,0.0,0.0,0.0,0.0,0.0,0.0,0.0,0.0,0.0,0.0,0.0,0.0,0.0,0.0,0.0,0.0,0.0,0.0,0.0,0.0,0.0,0.0,0.0,0.0,0.0,0.0,0.0,0.0,0.0,0.0,0.0,0.0,0.0,0.0,0.0,0.0,0.0,0.0,0.0,0.0,0.0,0.0,0.0,0.0,0.0,0.0,0.0,0.0,0.0,0.0,0.0,0.0,0.0,0.0,0.0,0.0,0.0,0.0,0.0,0.0,0.0,0.0,0.0,0.0,0.0,0.0,0.0,0.0,0.0,0.0,0.0,0.0,0.0
Li,0.045221563164613454,0.0,0.9989769818293857,0.0,0.0,0.0,0.0,0.0,0.0,0.0,0.0,0.0,0.0,0.0,0.0,0.0,0.0,0.0,0.0,0.0,0.0,0.0,0.0,0.0,0.0,0.0,0.0,0.0,0.0,0.0,0.0,0.0,0.0,0.0,0.0,0.0,0.0,0.0,0.0,0.0,0.0,0.0,0.0,0.0,0.0,0.0,0.0,0.0,0.0,0.0,0.0,0.0,0.0,0.0,0.0,0.0,0.0,0.0,0.0,0.0,0.0,0.0,0.0,0.0,0.0,0.0,0.0,0.0,0.0,0.0,0.0,0.0,0.0,0.0,0.0,0.0,0.0,0.0,0.0,0.0,0.0,0.0,0.0,0.0,0.0,0.0,0.0,0.0,0.0,0.0,0.0,0.0,0.0,0.0,0.0,0.0,0.0,0.0
Be,0.0,0.0,0.048679238351123554,0.9988144631279399,0.0,0.0,0.0,0.0,0.0,0.0,0.0,0.0,0.0,0.0,0.0,0.0,0.0,0.0,0.0,0.0,0.0,0.0,0.0,0.0,0.0,0.0,0.0,0.0,0.0,0.0,0.0,0.0,0.0,0.0,0.0,0.0,0.0,0.0,0.0,0.0,0.0,0.0,0.0,0.0,0.0,0.0,0.0,0.0,0.0,0.0,0.0,0.0,0.0,0.0,0.0,0.0,0.0,0.0,0.0,0.0,0.0,0.0,0.0,0.0,0.0,0.0,0.0,0.0,0.0,0.0,0.0,0.0,0.0,0.0,0.0,0.0,0.0,0.0,0.0,0.0,0.0,0.0,0.0,0.0,0.0,0.0,0.0,0.0,0.0,0.0,0.0,0.0,0.0,0.0,0.0,0.0,0.0,0.0
B,0.0,0.0,0.0,0.04679851220534957,0.998904349402567,0.0,0.0,0.0,0.0,0.0,0.0,0.0,0.0,0.0,0.0,0.0,0.0,0.0,0.0,0.0,0.0,0.0,0.0,0.0,0.0,0.0,0.0,0.0,0.0,0.0,0.0,0.0,0.0,0.0,0.0,0.0,0.0,0.0,0.0,0.0,0.0,0.0,0.0,0.0,0.0,0.0,0.0,0.0,0.0,0.0,0.0,0.0,0.0,0.0,0.0,0.0,0.0,0.0,0.0,0.0,0.0,0.0,0.0,0.0,0.0,0.0,0.0,0.0,0.0,0.0,0.0,0.0,0.0,0.0,0.0,0.0,0.0,0.0,0.0,0.0,0.0,0.0,0.0,0.0,0.0,0.0,0.0,0.0,0.0,0.0,0.0,0.0,0.0,0.0,0.0,0.0,0.0,0.0
C,0.0,0.0,0.0,0.0,0.09645403560658786,0.9953374397736695,0.0,0.0,0.0,0.0,0.0,0.0,0.0,0.0,0.0,0.0,0.0,0.0,0.0,0.0,0.0,0.0,0.0,0.0,0.0,0.0,0.0,0.0,0.0,0.0,0.0,0.0,0.0,0.0,0.0,0.0,0.0,0.0,0.0,0.0,0.0,0.0,0.0,0.0,0.0,0.0,0.0,0.0,0.0,0.0,0.0,0.0,0.0,0.0,0.0,0.0,0.0,0.0,0.0,0.0,0.0,0.0,0.0,0.0,0.0,0.0,0.0,0.0,0.0,0.0,0.0,0.0,0.0,0.0,0.0,0.0,0.0,0.0,0.0,0.0,0.0,0.0,0.0,0.0,0.0,0.0,0.0,0.0,0.0,0.0,0.0,0.0,0.0,0.0,0.0,0.0,0.0,0.0
N,0.021233384741779295,0.0,0.0,0.0,0.04246676948355859,0.1103319035682585,0.9927600857795617,0.0,0.0,0.0,0.0,0.0,0.0,0.0,0.0,0.0,0.0,0.0,0.0,0.0,0.0,0.0,0.0,0.0,0.0,0.0,0.0,0.0,0.0,0.0,0.0,0.0,0.0,0.0,0.0,0.0,0.0,0.0,0.0,0.0,0.0,0.0,0.0,0.0,0.0,0.0,0.0,0.0,0.0,0.0,0.0,0.0,0.0,0.0,0.0,0.0,0.0,0.0,0.0,0.0,0.0,0.0,0.0,0.0,0.0,0.0,0.0,0.0,0.0,0.0,0.0,0.0,0.0,0.0,0.0,0.0,0.0,0.0,0.0,0.0,0.0,0.0,0.0,0.0,0.0,0.0,0.0,0.0,0.0,0.0,0.0,0.0,0.0,0.0,0.0,0.0,0.0,0.0
O,0.024142785655234027,0.0,0.0,0.0,0.012608158605311956,0.03172983666791314,0.03851856078856726,0.9983825410017912,0.0,0.0,0.0,0.0,0.0,0.0,0.0,0.0,0.0,0.0,0.0,0.0,0.0,0.0,0.0,0.0,0.0,0.0,0.0,0.0,0.0,0.0,0.0,0.0,0.0,0.0,0.0,0.0,0.0,0.0,0.0,0.0,0.0,0.0,0.0,0.0,0.0,0.0,0.0,0.0,0.0,0.0,0.0,0.0,0.0,0.0,0.0,0.0,0.0,0.0,0.0,0.0,0.0,0.0,0.0,0.0,0.0,0.0,0.0,0.0,0.0,0.0,0.0,0.0,0.0,0.0,0.0,0.0,0.0,0.0,0.0,0.0,0.0,0.0,0.0,0.0,0.0,0.0,0.0,0.0,0.0,0.0,0.0,0.0,0.0,0.0,0.0,0.0,0.0,0.0
F,0.08420162104990331,0.0,0.01795184592614303,0.0,0.0,0.0,0.01795184592614303,0.04397286246011133,0.9951542276628889,0.0,0.0,0.0,0.0,0.0,0.0,0.0,0.0,0.0,0.0,0.0,0.0,0.0,0.0,0.0,0.0,0.0,0.0,0.0,0.0,0.0,0.0,0.0,0.0,0.0,0.0,0.0,0.0,0.0,0.0,0.0,0.0,0.0,0.0,0.0,0.0,0.0,0.0,0.0,0.0,0.0,0.0,0.0,0.0,0.0,0.0,0.0,0.0,0.0,0.0,0.0,0.0,0.0,0.0,0.0,0.0,0.0,0.0,0.0,0.0,0.0,0.0,0.0,0.0,0.0,0.0,0.0,0.0,0.0,0.0,0.0,0.0,0.0,0.0,0.0,0.0,0.0,0.0,0.0,0.0,0.0,0.0,0.0,0.0,0.0,0.0,0.0,0.0,0.0
Ne,0.0,0.0,0.0,0.0,0.0,0.0,0.0,0.0,0.0,1.0,0.0,0.0,0.0,0.0,0.0,0.0,0.0,0.0,0.0,0.0,0.0,0.0,0.0,0.0,0.0,0.0,0.0,0.0,0.0,0.0,0.0,0.0,0.0,0.0,0.0,0.0,0.0,0.0,0.0,0.0,0.0,0.0,0.0,0.0,0.0,0.0,0.0,0.0,0.0,0.0,0.0,0.0,0.0,0.0,0.0,0.0,0.0,0.0,0.0,0.0,0.0,0.0,0.0,0.0,0.0,0.0,0.0,0.0,0.0,0.0,0.0,0.0,0.0,0.0,0.0,0.0,0.0,0.0,0.0,0.0,0.0,0.0,0.0,0.0,0.0,0.0,0.0,0.0,0.0,0.0,0.0,0.0,0.0,0.0,0.0,0.0,0.0,0.0
Na,0.037410962644153,0.0,0.20576029454284153,0.0187054813220765,0.0,0.0,0.0,0.0,0.0,0.0,0.9777081497216796,0.0,0.0,0.0,0.0,0.0,0.0,0.0,0.0,0.0,0.0,0.0,0.0,0.0,0.0,0.0,0.0,0.0,0.0,0.0,0.0,0.0,0.0,0.0,0.0,0.0,0.0,0.0,0.0,0.0,0.0,0.0,0.0,0.0,0.0,0.0,0.0,0.0,0.0,0.0,0.0,0.0,0.0,0.0,0.0,0.0,0.0,0.0,0.0,0.0,0.0,0.0,0.0,0.0,0.0,0.0,0.0,0.0,0.0,0.0,0.0,0.0,0.0,0.0,0.0,0.0,0.0,0.0,0.0,0.0,0.0,0.0,0.0,0.0,0.0,0.0,0.0,0.0,0.0,0.0,0.0,0.0,0.0,0.0,0.0,0.0,0.0,0.0
Mg,0.0,0.0,0.1336306209562122,0.0983494740586804,0.0,0.0,0.03857583749052298,0.04724555912615341,0.03857583749052298,0.0,0.08183170883849714,0.9800844229914463,0.0,0.0,0.0,0.0,0.0,0.0,0.0,0.0,0.0,0.0,0.0,0.0,0.0,0.0,0.0,0.0,0.0,0.0,0.0,0.0,0.0,0.0,0.0,0.0,0.0,0.0,0.0,0.0,0.0,0.0,0.0,0.0,0.0,0.0,0.0,0.0,0.0,0.0,0.0,0.0,0.0,0.0,0.0,0.0,0.0,0.0,0.0,0.0,0.0,0.0,0.0,0.0,0.0,0.0,0.0,0.0,0.0,0.0,0.0,0.0,0.0,0.0,0.0,0.0,0.0,0.0,0.0,0.0,0.0,0.0,0.0,0.0,0.0,0.0,0.0,0.0,0.0,0.0,0.0,0.0,0.0,0.0,0.0,0.0,0.0,0.0
Al,0.0,0.0,0.04210759605332595,0.05570311373193266,0.06316139407998893,0.021053798026662976,0.0,0.0,0.0,0.0,0.021053798026662976,0.11722258635507515,0.9881837340285367,0.0,0.0,0.0,0.0,0.0,0.0,0.0,0.0,0.0,0.0,0.0,0.0,0.0,0.0,0.0,0.0,0.0,0.0,0.0,0.0,0.0,0.0,0.0,0.0,0.0,0.0,0.0,0.0,0.0,0.0,0.0,0.0,0.0,0.0,0.0,0.0,0.0,0.0,0.0,0.0,0.0,0.0,0.0,0.0,0.0,0.0,0.0,0.0,0.0,0.0,0.0,0.0,0.0,0.0,0.0,0.0,0.0,0.0,0.0,0.0,0.0,0.0,0.0,0.0,0.0,0.0,0.0,0.0,0.0,0.0,0.0,0.0,0.0,0.0,0.0,0.0,0.0,0.0,0.0,0.0,0.0,0.0,0.0,0.0,0.0
Si,0.0,0.0,0.016126934718260072,0.027932670302372925,0.09941310220220893,0.05814649004274709,0.0,0.016126934718260072,0.0,0.0,0.016126934718260072,0.03606092229873094,0.09403538055348502,0.9874373447226542,0.0,0.0,0.0,0.0,0.0,0.0,0.0,0.0,0.0,0.0,0.0,0.0,0.0,0.0,0.0,0.0,0.0,0.0,0.0,0.0,0.0,0.0,0.0,0.0,0.0,0.0,0.0,0.0,0.0,0.0,0.0,0.0,0.0,0.0,0.0,0.0,0.0,0.0,0.0,0.0,0.0,0.0,0.0,0.0,0.0,0.0,0.0,0.0,0.0,0.0,0.0,0.0,0.0,0.0,0.0,0.0,0.0,0.0,0.0,0.0,0.0,0.0,0.0,0.0,0.0,0.0,0.0,0.0,0.0,0.0,0.0,0.0,0.0,0.0,0.0,0.0,0.0,0.0,0.0,0.0,0.0,0.0,0.0,0.0
P,0.0,0.0,0.01519869175291844,0.0,0.056868297266607463,0.05479966243511909,0.11271651478382705,0.056868297266607463,0.0,0.0,0.0,0.021494196007305368,0.0,0.11474760636724919,0.9818166651488269,0.0,0.0,0.0,0.0,0.0,0.0,0.0,0.0,0.0,0.0,0.0,0.0,0.0,0.0,0.0,0.0,0.0,0.0,0.0,0.0,0.0,0.0,0.0,0.0,0.0,0.0,0.0,0.0,0.0,0.0,0.0,0.0,0.0,0.0,0.0,0.0,0.0,0.0,0.0,0.0,0.0,0.0,0.0,0.0,0.0,0.0,0.0,0.0,0.0,0.0,0.0,0.0,0.0,0.0,0.0,0.0,0.0,0.0,0.0,0.0,0.0,0.0,0.0,0.0,0.0,0.0,0.0,0.0,0.0,0.0,0.0,0.0,0.0,0.0,0.0,0.0,0.0,0.0,0.0,0.0,0.0,0.0,0.0
S,0.013961796943056517,0.0,0.019744962591969745,0.013961796943056517,0.024182541670333724,0.044151078568834795,0.08377078165833911,0.11764419214487006,0.036939442566909376,0.0,0.0,0.036939442566909376,0.05033997477580665,0.013961796943056517,0.08939912040420103,0.9810087500330085,0.0,0.0,0.0,0.0,0.0,0.0,0.0,0.0,0.0,0.0,0.0,0.0,0.0,0.0,0.0,0.0,0.0,0.0,0.0,0.0,0.0,0.0,0.0,0.0,0.0,0.0,0.0,0.0,0.0,0.0,0.0,0.0,0.0,0.0,0.0,0.0,0.0,0.0,0.0,0.0,0.0,0.0,0.0,0.0,0.0,0.0,0.0,0.0,0.0,0.0,0.0,0.0,0.0,0.0,0.0,0.0,0.0,0.0,0.0,0.0,0.0,0.0,0.0,0.0,0.0,0.0,0.0,0.0,0.0,0.0,0.0,0.0,0.0,0.0,0.0,0.0,0.0,0.0,0.0,0.0,0.0,0.0
Cl,0.06624897283037944,0.0,0.01837415911436567,0.0,0.0,0.01837415911436567,0.01837415911436567,0.045007314282904755,0.10393994006694861,0.0,0.01837415911436567,0.0,0.0,0.0,0.0,0.03182497713243611,0.9901609142239046,0.0,0.0,0.0,0.0,0.0,0.0,0.0,0.0,0.0,0.0,0.0,0.0,0.0,0.0,0.0,0.0,0.0,0.0,0.0,0.0,0.0,0.0,0.0,0.0,0.0,0.0,0.0,0.0,0.0,0.0,0.0,0.0,0.0,0.0,0.0,0.0,0.0,0.0,0.0,0.0,0.0,0.0,0.0,0.0,0.0,0.0,0.0,0.0,0.0,0.0,0.0,0.0,0.0,0.0,0.0,0.0,0.0,0.0,0.0,0.0,0.0,0.0,0.0,0.0,0.0,0.0,0.0,0.0,0.0,0.0,0.0,0.0,0.0,0.0,0.0,0.0,0.0,0.0,0.0,0.0,0.0
Ar,0.0,0.0,0.0,0.0,0.0,0.0,0.0,0.0,0.0,0.0,0.0,0.0,0.0,0.0,0.0,0.0,0.0,1.0,0.0,0.0,0.0,0.0,0.0,0.0,0.0,0.0,0.0,0.0,0.0,0.0,0.0,0.0,0.0,0.0,0.0,0.0,0.0,0.0,0.0,0.0,0.0,0.0,0.0,0.0,0.0,0.0,0.0,0.0,0.0,0.0,0.0,0.0,0.0,0.0,0.0,0.0,0.0,0.0,0.0,0.0,0.0,0.0,0.0,0.0,0.0,0.0,0.0,0.0,0.0,0.0,0.0,0.0,0.0,0.0,0.0,0.0,0.0,0.0,0.0,0.0,0.0,0.0,0.0,0.0,0.0,0.0,0.0,0.0,0.0,0.0,0.0,0.0,0.0,0.0,0.0,0.0,0.0,0.0
K,0.03532223996729149,0.0,0.09673393805848045,0.017661119983645744,0.0,0.017661119983645744,0.0,0.0,0.017661119983645744,0.0,0.2126680466504689,0.0,0.017661119983645744,0.0,0.0,0.0,0.017661119983645744,0.0,0.9708798127110695,0.0,0.0,0.0,0.0,0.0,0.0,0.0,0.0,0.0,0.0,0.0,0.0,0.0,0.0,0.0,0.0,0.0,0.0,0.0,0.0,0.0,0.0,0.0,0.0,0.0,0.0,0.0,0.0,0.0,0.0,0.0,0.0,0.0,0.0,0.0,0.0,0.0,0.0,0.0,0.0,0.0,0.0,0.0,0.0,0.0,0.0,0.0,0.0,0.0,0.0,0.0,0.0,0.0,0.0,0.0,0.0,0.0,0.0,0.0,0.0,0.0,0.0,0.0,0.0,0.0,0.0,0.0,0.0,0.0,0.0,0.0,0.0,0.0,0.0,0.0,0.0,0.0,0.0,0.0
Ca,0.0,0.0,0.07245235560022184,0.051231551957855996,0.0,0.0,0.0,0.0,0.0,0.0,0.08572678324088334,0.17297762815612797,0.03240167845041673,0.02291144655411569,0.0,0.03968378950662725,0.02291144655411569,0.0,0.05612135332663137,0.9736690896105269,0.0,0.0,0.0,0.0,0.0,0.0,0.0,0.0,0.0,0.0,0.0,0.0,0.0,0.0,0.0,0.0,0.0,0.0,0.0,0.0,0.0,0.0,0.0,0.0,0.0,0.0,0.0,0.0,0.0,0.0,0.0,0.0,0.0,0.0,0.0,0.0,0.0,0.0,0.0,0.0,0.0,0.0,0.0,0.0,0.0,0.0,0.0,0.0,0.0,0.0,0.0,0.0,0.0,0.0,0.0,0.0,0.0,0.0,0.0,0.0,0.0,0.0,0.0,0.0,0.0,0.0,0.0,0.0,0.0,0.0,0.0,0.0,0.0,0.0,0.0,0.0,0.0,0.0
Sc,0.0,0.0,0.0933181271737504,0.06598588053218754,0.0,0.0,0.0,0.0,0.0,0.0,0.0,0.19795764159656262,0.21211492900300685,0.06598588053218754,0.0,0.05387724584403653,0.0,0.0,0.0,0.14754891442515133,0.934735279927619,0.0,0.0,0.0,0.0,0.0,0.0,0.0,0.0,0.0,0.0,0.0,0.0,0.0,0.0,0.0,0.0,0.0,0.0,0.0,0.0,0.0,0.0,0.0,0.0,0.0,0.0,0.0,0.0,0.0,0.0,0.0,0.0,0.0,0.0,0.0,0.0,0.0,0.0,0.0,0.0,0.0,0.0,0.0,0.0,0.0,0.0,0.0,0.0,0.0,0.0,0.0,0.0,0.0,0.0,0.0,0.0,0.0,0.0,0.0,0.0,0.0,0.0,0.0,0.0,0.0,0.0,0.0,0.0,0.0,0.0,0.0,0.0,0.0,0.0,0.0,0.0,0.0
Ti,0.0,0.0,0.038404768632128425,0.06651901052377393,0.02715627232967842,0.02715627232967842,0.02715627232967842,0.0,0.0,0.0,0.0,0.11521430589638527,0.13303802104754786,0.13303802104754786,0.02715627232967842,0.02715627232967842,0.0,0.0,0.0,0.05431254465935684,0.22228366898745636,0.9430697381283376,0.0,0.0,0.0,0.0,0.0,0.0,0.0,0.0,0.0,0.0,0.0,0.0,0.0,0.0,0.0,0.0,0.0,0.0,0.0,0.0,0.0,0.0,0.0,0.0,0.0,0.0,0.0,0.0,0.0,0.0,0.0,0.0,0.0,0.0,0.0,0.0,0.0,0.0,0.0,0.0,0.0,0.0,0.0,0.0,0.0,0.0,0.0,0.0,0.0,0.0,0.0,0.0,0.0,0.0,0.0,0.0,0.0,0.0,0.0,0.0,0.0,0.0,0.0,0.0,0.0,0.0,0.0,0.0,0.0,0.0,0.0,0.0,0.0,0.0,0.0,0.0
V,0.0,0.0,0.024390243902439022,0.03449301371641695,0.0,0.024390243902439022,0.0,0.0,0.0,0.0,0.0,0.09446300844408333,0.12906103956412635,0.05974365226300434,0.13579913080073222,0.024390243902439022,0.0,0.0,0.0,0.03449301371641695,0.1379720548656678,0.26494586563902967,0.9268292682926829,0.0,0.0,0.0,0.0,0.0,0.0,0.0,0.0,0.0,0.0,0.0,0.0,0.0,0.0,0.0,0.0,0.0,0.0,0.0,0.0,0.0,0.0,0.0,0.0,0.0,0.0,0.0,0.0,0.0,0.0,0.0,0.0,0.0,0.0,0.0,0.0,0.0,0.0,0.0,0.0,0.0,0.0,0.0,0.0,0.0,0.0,0.0,0.0,0.0,0.0,0.0,0.0,0.0,0.0,0.0,0.0,0.0,0.0,0.0,0.0,0.0,0.0,0.0,0.0,0.0,0.0,0.0,0.0,0.0,0.0,0.0,0.0,0.0,0.0,0.0
Cr,0.0,0.0,0.026870460745022952,0.053740921490045904,0.0,0.03800057001282532,0.0,0.026870460745022952,0.0,0.0,0.026870460745022952,0.06581891797879176,0.18616401293265927,0.06581891797879176,0.09308200646632964,0.08497185773241747,0.0,0.0,0.026870460745022952,0.03800057001282532,0.14960839374896184,0.2199442003407635,0.3133607279931157,0.8735999629732473,0.0,0.0,0.0,0.0,0.0,0.0,0.0,0.0,0.0,0.0,0.0,0.0,0.0,0.0,0.0,0.0,0.0,0.0,0.0,0.0,0.0,0.0,0.0,0.0,0.0,0.0,0.0,0.0,0.0,0.0,0.0,0.0,0.0,0.0,0.0,0.0,0.0,0.0,0.0,0.0,0.0,0.0,0.0,0.0,0.0,0.0,0.0,0.0,0.0,0.0,0.0,0.0,0.0,0.0,0.0,0.0,0.0,0.0,0.0,0.0,0.0,0.0,0.0,0.0,0.0,0.0,0.0,0.0,0.0,0.0,0.0,0.0,0.0,0.0
Mn,0.0,0.0,0.06950480468569158,0.056750435383916574,0.020064308847628196,0.028375217691958287,0.0,0.0,0.0,0.0,0.04012861769525639,0.21702868307060777,0.13309156825078172,0.06344891563557341,0.020064308847628196,0.056750435383916574,0.03475240234284579,0.0,0.020064308847628196,0.10804960988572483,0.13900960937138315,0.18714741406007185,0.171429529941343,0.20657470292971303,0.8814605066585296,0.0,0.0,0.0,0.0,0.0,0.0,0.0,0.0,0.0,0.0,0.0,0.0,0.0,0.0,0.0,0.0,0.0,0.0,0.0,0.0,0.0,0.0,0.0,0.0,0.0,0.0,0.0,0.0,0.0,0.0,0.0,0.0,0.0,0.0,0.0,0.0,0.0,0.0,0.0,0.0,0.0,0.0,0.0,0.0,0.0,0.0,0.0,0.0,0.0,0.0,0.0,0.0,0.0,0.0,0.0,0.0,0.0,0.0,0.0,0.0,0.0,0.0,0.0,0.0,0.0,0.0,0.0,0.0,0.0,0.0,0.0,0.0,0.0
Fe,0.0,0.0,0.04341674950530074,0.04689544925193031,0.03070027799227584,0.0177248137630368,0.0,0.0,0.0,0.0,0.03070027799227584,0.17093191373436822,0.19416560651186565,0.05878655673092043,0.0,0.06140055598455168,0.0,0.0,0.0,0.0812253007481112,0.09210083397682751,0.14616255867880473,0.16721555860970638,0.2170837475265037,0.29870387093801143,0.8478317784052253,0.0,0.0,0.0,0.0,0.0,0.0,0.0,0.0,0.0,0.0,0.0,0.0,0.0,0.0,0.0,0.0,0.0,0.0,0.0,0.0,0.0,0.0,0.0,0.0,0.0,0.0,0.0,0.0,0.0,0.0,0.0,0.0,0.0,0.0,0.0,0.0,0.0,0.0,0.0,0.0,0.0,0.0,0.0,0.0,0.0,0.0,0.0,0.0,0.0,0.0,0.0,0.0,0.0,0.0,0.0,0.0,0.0,0.0,0.0,0.0,0.0,0.0,0.0,0.0,0.0,0.0,0.0,0.0,0.0,0.0,0.0,0.0
Co,0.0,0.0,0.04608572235855411,0.06240036305771396,0.06240036305771396,0.0,0.0,0.018814417367671945,0.0,0.0,0.018814417367671945,0.1754892024512937,0.13567269307424282,0.07039710372159767,0.0,0.06240036305771396,0.0,0.0,0.0,0.06783634653712141,0.06240036305771396,0.11444363299346698,0.12480072611542792,0.16293763397807054,0.2700376899292039,0.3544907852316606,0.8179404310049518,0.0,0.0,0.0,0.0,0.0,0.0,0.0,0.0,0.0,0.0,0.0,0.0,0.0,0.0,0.0,0.0,0.0,0.0,0.0,0.0,0.0,0.0,0.0,0.0,0.0,0.0,0.0,0.0,0.0,0.0,0.0,0.0,0.0,0.0,0.0,0.0,0.0,0.0,0.0,0.0,0.0,0.0,0.0,0.0,0.0,0.0,0.0,0.0,0.0,0.0,0.0,0.0,0.0,0.0,0.0,0.0,0.0,0.0,0.0,0.0,0.0,0.0,0.0,0.0,0.0,0.0,0.0,0.0,0.0,0.0,0.0
Ni,0.0,0.0,0.05671308728156005,0.03823595564509363,0.02961744388795462,0.0,0.0,0.0,0.0,0.0,0.02961744388795462,0.1604088343952626,0.12211584951084109,0.07836039099693788,0.0,0.05923488777590924,0.0,0.0,0.024182541670333724,0.06839855680567694,0.06398099132915955,0.0967301666813349,0.10259783520851541,0.12565617248750865,0.21561824614390926,0.27888667551135854,0.365548534389282,0.8002192681965253,0.0,0.0,0.0,0.0,0.0,0.0,0.0,0.0,0.0,0.0,0.0,0.0,0.0,0.0,0.0,0.0,0.0,0.0,0.0,0.0,0.0,0.0,0.0,0.0,0.0,0.0,0.0,0.0,0.0,0.0,0.0,0.0,0.0,0.0,0.0,0.0,0.0,0.0,0.0,0.0,0.0,0.0,0.0,0.0,0.0,0.0,0.0,0.0,0.0,0.0,0.0,0.0,0.0,0.0,0.0,0.0,0.0,0.0,0.0,0.0,0.0,0.0,0.0,0.0,0.0,0.0,0.0,0.0,0.0,0.0
Cu,0.03393732472941565,0.0,0.05878117070431162,0.03794308253472903,0.016968662364707825,0.0,0.016968662364707825,0.0,0.0,0.0,0.04489486069843811,0.09894345396848324,0.06996358725513352,0.04489486069843811,0.016968662364707825,0.0,0.0,0.0,0.04489486069843811,0.03393732472941565,0.03794308253472903,0.05878117070431162,0.04489486069843811,0.11127096029620859,0.1582731458995123,0.1755252083373706,0.17877595132362506,0.23634611796009186,0.8990188848795099,0.0,0.0,0.0,0.0,0.0,0.0,0.0,0.0,0.0,0.0,0.0,0.0,0.0,0.0,0.0,0.0,0.0,0.0,0.0,0.0,0.0,0.0,0.0,0.0,0.0,0.0,0.0,0.0,0.0,0.0,0.0,0.0,0.0,0.0,0.0,0.0,0.0,0.0,0.0,0.0,0.0,0.0,0.0,0.0,0.0,0.0,0.0,0.0,0.0,0.0,0.0,0.0,0.0,0.0,0.0,0.0,0.0,0.0,0.0,0.0,0.0,0.0,0.0,0.0,0.0,0.0,0.0,0.0,0.0
Zn,0.0,0.0,0.05531220985858871,0.09112736034910592,0.020906050250177267,0.020906050250177267,0.05531220985858871,0.02956561979945413,0.0,0.0,0.04181210050035453,0.22223436252774204,0.12716653911831,0.05913123959890826,0.0512091556499189,0.03621034121889506,0.0,0.0,0.0,0.08362420100070907,0.0627181507505318,0.06611073566849313,0.0753778361444409,0.05913123959890826,0.2355992211510747,0.1916071155079756,0.2290143062071722,0.22124883943435483,0.17112339636419321,0.8134576121183492,0.0,0.0,0.0,0.0,0.0,0.0,0.0,0.0,0.0,0.0,0.0,0.0,0.0,0.0,0.0,0.0,0.0,0.0,0.0,0.0,0.0,0.0,0.0,0.0,0.0,0.0,0.0,0.0,0.0,0.0,0.0,0.0,0.0,0.0,0.0,0.0,0.0,0.0,0.0,0.0,0.0,0.0,0.0,0.0,0.0,0.0,0.0,0.0,0.0,0.0,0.0,0.0,0.0,0.0,0.0,0.0,0.0,0.0,0.0,0.0,0.0,0.0,0.0,0.0,0.0,0.0,0.0,0.0
Ga,0.0,0.0,0.039673377912716815,0.0561066291093173,0.10985060923078012,0.0,0.0,0.022905435417568804,0.0,0.0,0.022905435417568804,0.039673377912716815,0.38804268433876604,0.17444259903122314,0.022905435417568804,0.022905435417568804,0.0,0.0,0.022905435417568804,0.0,0.10243622129583026,0.09162174167027522,0.09717953225876054,0.13158170870245495,0.09444152962739995,0.1916406220423767,0.09984247824297979,0.11902013373815044,0.06478635483917368,0.09444152962739995,0.8182083156806084,0.0,0.0,0.0,0.0,0.0,0.0,0.0,0.0,0.0,0.0,0.0,0.0,0.0,0.0,0.0,0.0,0.0,0.0,0.0,0.0,0.0,0.0,0.0,0.0,0.0,0.0,0.0,0.0,0.0,0.0,0.0,0.0,0.0,0.0,0.0,0.0,0.0,0.0,0.0,0.0,0.0,0.0,0.0,0.0,0.0,0.0,0.0,0.0,0.0,0.0,0.0,0.0,0.0,0.0,0.0,0.0,0.0,0.0,0.0,0.0,0.0,0.0,0.0,0.0,0.0,0.0,0.0
Ge,0.0,0.0,0.0,0.025781246066094346,0.07292037568309725,0.05469028176232294,0.025781246066094346,0.025781246066094346,0.0,0.0,0.018230093920774314,0.03157544889753363,0.09646458978343853,0.4435573289004134,0.14120970030991198,0.03646018784154863,0.0,0.0,0.0,0.025781246066094346,0.018230093920774314,0.07516460280028289,0.025781246066094346,0.04076372924305703,0.06046238142814736,0.025781246066094346,0.05156249213218869,0.07060485015495599,0.04823229489171926,0.05469028176232294,0.13763419084128187,0.8460806360341692,0.0,0.0,0.0,0.0,0.0,0.0,0.0,0.0,0.0,0.0,0.0,0.0,0.0,0.0,0.0,0.0,0.0,0.0,0.0,0.0,0.0,0.0,0.0,0.0,0.0,0.0,0.0,0.0,0.0,0.0,0.0,0.0,0.0,0.0,0.0,0.0,0.0,0.0,0.0,0.0,0.0,0.0,0.0,0.0,0.0,0.0,0.0,0.0,0.0,0.0,0.0,0.0,0.0,0.0,0.0,0.0,0.0,0.0,0.0,0.0,0.0,0.0,0.0,0.0,0.0,0.0
As,0.021383343303319476,0.0,0.0,0.0,0.05657500857970173,0.05657500857970173,0.15713484026367724,0.0855333732132779,0.021383343303319476,0.0,0.0,0.021383343303319476,0.030240614108434302,0.1265055650118469,0.3697525711573318,0.13692020378283232,0.0,0.0,0.0,0.021383343303319476,0.0,0.0,0.0855333732132779,0.06415002990995843,0.021383343303319476,0.0,0.021383343303319476,0.021383343303319476,0.021383343303319476,0.052378280087892415,0.03703703703703704,0.14502889042556458,0.865431218188735,0.0,0.0,0.0,0.0,0.0,0.0,0.0,0.0,0.0,0.0,0.0,0.0,0.0,0.0,0.0,0.0,0.0,0.0,0.0,0.0,0.0,0.0,0.0,0.0,0.0,0.0,0.0,0.0,0.0,0.0,0.0,0.0,0.0,0.0,0.0,0.0,0.0,0.0,0.0,0.0,0.0,0.0,0.0,0.0,0.0,0.0,0.0,0.0,0.0,0.0,0.0,0.0,0.0,0.0,0.0,0.0,0.0,0.0,0.0,0.0,0.0,0.0,0.0,0.0,0.0
Se,0.018608073189119674,0.0,0.026315789473684213,0.0,0.018608073189119674,0.052631578947368425,0.10020754086663038,0.1275705225635876,0.018608073189119674,0.0,0.0,0.026315789473684213,0.0,0.0,0.10526315789473685,0.4059802268563556,0.026315789473684213,0.0,0.0,0.032230128194515505,0.032230128194515505,0.032230128194515505,0.018608073189119674,0.05884389414473132,0.018608073189119674,0.018608073189119674,0.0,0.032230128194515505,0.0,0.032230128194515505,0.0,0.032230128194515505,0.11470786693528089,0.8763592529129849,0.0,0.0,0.0,0.0,0.0,0.0,0.0,0.0,0.0,0.0,0.0,0.0,0.0,0.0,0.0,0.0,0.0,0.0,0.0,0.0,0.0,0.0,0.0,0.0,0.0,0.0,0.0,0.0,0.0,0.0,0.0,0.0,0.0,0.0,0.0,0.0,0.0,0.0,0.0,0.0,0.0,0.0,0.0,0.0,0.0,0.0,0.0,0.0,0.0,0.0,0.0,0.0,0.0,0.0,0.0,0.0,0.0,0.0,0.0,0.0,0.0,0.0,0.0,0.0
Br,0.07384650341622817,0.0,0.026108681666265243,0.0,0.026108681666265243,0.026108681666265243,0.036923251708114085,0.045221563164613454,0.11964501003116625,0.0,0.026108681666265243,0.0,0.0,0.0,0.0,0.045221563164613454,0.44076527611627575,0.0,0.026108681666265243,0.0,0.0,0.0,0.0,0.0,0.0,0.0,0.0,0.0,0.0,0.0,0.0,0.0,0.0,0.045221563164613454,0.8803698795076852,0.0,0.0,0.0,0.0,0.0,0.0,0.0,0.0,0.0,0.0,0.0,0.0,0.0,0.0,0.0,0.0,0.0,0.0,0.0,0.0,0.0,0.0,0.0,0.0,0.0,0.0,0.0,0.0,0.0,0.0,0.0,0.0,0.0,0.0,0.0,0.0,0.0,0.0,0.0,0.0,0.0,0.0,0.0,0.0,0.0,0.0,0.0,0.0,0.0,0.0,0.0,0.0,0.0,0.0,0.0,0.0,0.0,0.0,0.0,0.0,0.0,0.0,0.0
Kr,0.0,0.0,0.0,0.0,0.0,0.0,0.0,0.0,0.0,0.0,0.0,0.24253562503633294,0.0,0.0,0.0,0.0,0.0,0.0,0.0,0.0,0.0,0.0,0.24253562503633294,0.0,0.24253562503633294,0.24253562503633294,0.24253562503633294,0.24253562503633294,0.0,0.24253562503633294,0.0,0.0,0.0,0.0,0.0,0.7669649888473704,0.0,0.0,0.0,0.0,0.0,0.0,0.0,0.0,0.0,0.0,0.0,0.0,0.0,0.0,0.0,0.0,0.0,0.0,0.0,0.0,0.0,0.0,0.0,0.0,0.0,0.0,0.0,0.0,0.0,0.0,0.0,0.0,0.0,0.0,0.0,0.0,0.0,0.0,0.0,0.0,0.0,0.0,0.0,0.0,0.0,0.0,0.0,0.0,0.0,0.0,0.0,0.0,0.0,0.0,0.0,0.0,0.0,0.0,0.0,0.0,0.0,0.0
Rb,0.0467780269724988,0.0,0.10459884816382599,0.0233890134862494,0.0,0.0,0.0,0.0,0.0233890134862494,0.0,0.1796544214867461,0.0233890134862494,0.0233890134862494,0.0,0.0,0.0,0.0233890134862494,0.0,0.41246974559165717,0.03307706008278112,0.0233890134862494,0.0233890134862494,0.0,0.0233890134862494,0.04051095969709763,0.0,0.0,0.0233890134862494,0.07016704045874819,0.0233890134862494,0.0,0.0,0.0,0.0,0.0233890134862494,0.0,0.8779451840352439,0.0,0.0,0.0,0.0,0.0,0.0,0.0,0.0,0.0,0.0,0.0,0.0,0.0,0.0,0.0,0.0,0.0,0.0,0.0,0.0,0.0,0.0,0.0,0.0,0.0,0.0,0.0,0.0,0.0,0.0,0.0,0.0,0.0,0.0,0.0,0.0,0.0,0.0,0.0,0.0,0.0,0.0,0.0,0.0,0.0,0.0,0.0,0.0,0.0,0.0,0.0,0.0,0.0,0.0,0.0,0.0,0.0,0.0,0.0,0.0,0.0
Sr,0.0,0.0,0.04511788347949416,0.03907323325822818,0.0,0.0,0.0,0.0,0.0,0.0,0.06767682521924123,0.10581081586104828,0.02255894173974708,0.02255894173974708,0.0,0.03190316136113482,0.0,0.0,0.07133763750064218,0.37409772709114164,0.08440783099832765,0.04511788347949416,0.03907323325822818,0.03190316136113482,0.06380632272226965,0.03907323325822818,0.04511788347949416,0.05968534968416555,0.02255894173974708,0.055257896399553766,0.0,0.03190316136113482,0.02255894173974708,0.03907323325822818,0.0,0.0,0.04511788347949416,0.8955644161140333,0.0,0.0,0.0,0.0,0.0,0.0,0.0,0.0,0.0,0.0,0.0,0.0,0.0,0.0,0.0,0.0,0.0,0.0,0.0,0.0,0.0,0.0,0.0,0.0,0.0,0.0,0.0,0.0,0.0,0.0,0.0,0.0,0.0,0.0,0.0,0.0,0.0,0.0,0.0,0.0,0.0,0.0,0.0,0.0,0.0,0.0,0.0,0.0,0.0,0.0,0.0,0.0,0.0,0.0,0.0,0.0,0.0,0.0,0.0,0.0
Y,0.0,0.0,0.07260223369393946,0.04752931878933585,0.03880752628531665,0.0,0.0,0.02744106499742259,0.0,0.0,0.05488212999484518,0.10267506354855008,0.10976425998969036,0.03880752628531665,0.0,0.03880752628531665,0.02744106499742259,0.0,0.02744106499742259,0.19788033380309453,0.28780431772509046,0.13443321448446624,0.09101171644420561,0.09894016690154726,0.13992252589562573,0.10976425998969036,0.0776150525706333,0.09101171644420561,0.061360086709227,0.0776150525706333,0.08677626681257793,0.03880752628531665,0.02744106499742259,0.04752931878933585,0.02744106499742259,0.0,0.02744106499742259,0.16691748195780012,0.8395351553737543,0.0,0.0,0.0,0.0,0.0,0.0,0.0,0.0,0.0,0.0,0.0,0.0,0.0,0.0,0.0,0.0,0.0,0.0,0.0,0.0,0.0,0.0,0.0,0.0,0.0,0.0,0.0,0.0,0.0,0.0,0.0,0.0,0.0,0.0,0.0,0.0,0.0,0.0,0.0,0.0,0.0,0.0,0.0,0.0,0.0,0.0,0.0,0.0,0.0,0.0,0.0,0.0,0.0,0.0,0.0,0.0,0.0,0.0,0.0
Zr,0.0,0.0,0.06664198901760103,0.07198157507486945,0.04712300234610512,0.0,0.0,0.038475770298644046,0.0,0.0,0.0,0.09424600469221024,0.09809435177664984,0.08161943426864147,0.0,0.02720647808954716,0.0,0.0,0.0,0.08161943426864147,0.253765133840762,0.32075964608277074,0.16323886853728295,0.11859028860198959,0.14901601759915037,0.08603443787443547,0.06664198901760103,0.09023367969005312,0.05441295617909432,0.05441295617909432,0.07198157507486945,0.060835534436586056,0.0,0.05441295617909432,0.0,0.0,0.0,0.08161943426864147,0.1923788514932202,0.8015528969644639,0.0,0.0,0.0,0.0,0.0,0.0,0.0,0.0,0.0,0.0,0.0,0.0,0.0,0.0,0.0,0.0,0.0,0.0,0.0,0.0,0.0,0.0,0.0,0.0,0.0,0.0,0.0,0.0,0.0,0.0,0.0,0.0,0.0,0.0,0.0,0.0,0.0,0.0,0.0,0.0,0.0,0.0,0.0,0.0,0.0,0.0,0.0,0.0,0.0,0.0,0.0,0.0,0.0,0.0,0.0,0.0,0.0,0.0
Nb,0.0,0.0,0.02696799449852968,0.02696799449852968,0.0,0.02696799449852968,0.0,0.0,0.0,0.0,0.0,0.07135060680126758,0.06030226891555272,0.03813850356982369,0.0,0.02696799449852968,0.0,0.0,0.0,0.04670993664969138,0.15015143870590966,0.22723636072680717,0.23969677814802903,0.1549193338482967,0.1618079669911781,0.0894427190999916,0.05393598899705936,0.07627700713964738,0.04670993664969138,0.03813850356982369,0.04670993664969138,0.03813850356982369,0.0,0.03813850356982369,0.02696799449852968,0.0,0.0,0.04670993664969138,0.08090398349558905,0.20180999164380523,0.8528028654224418,0.0,0.0,0.0,0.0,0.0,0.0,0.0,0.0,0.0,0.0,0.0,0.0,0.0,0.0,0.0,0.0,0.0,0.0,0.0,0.0,0.0,0.0,0.0,0.0,0.0,0.0,0.0,0.0,0.0,0.0,0.0,0.0,0.0,0.0,0.0,0.0,0.0,0.0,0.0,0.0,0.0,0.0,0.0,0.0,0.0,0.0,0.0,0.0,0.0,0.0,0.0,0.0,0.0,0.0,0.0,0.0,0.0
Mo,0.0,0.0,0.0,0.0,0.025351006328169695,0.025351006328169695,0.0,0.0,0.0,0.0,0.0,0.025351006328169695,0.05668657344781478,0.025351006328169695,0.0,0.043909230983390043,0.0,0.0,0.0,0.0,0.08016692097435825,0.14997857601931516,0.17005972034344433,0.17005972034344433,0.10755521090731122,0.12419405994016622,0.10452487680674538,0.09485478008994906,0.043909230983390043,0.035851736969103744,0.05668657344781478,0.035851736969103744,0.0,0.035851736969103744,0.0,0.0,0.0,0.025351006328169695,0.08016692097435825,0.10140402531267878,0.15210603796901814,0.8995142933885392,0.0,0.0,0.0,0.0,0.0,0.0,0.0,0.0,0.0,0.0,0.0,0.0,0.0,0.0,0.0,0.0,0.0,0.0,0.0,0.0,0.0,0.0,0.0,0.0,0.0,0.0,0.0,0.0,0.0,0.0,0.0,0.0,0.0,0.0,0.0,0.0,0.0,0.0,0.0,0.0,0.0,0.0,0.0,0.0,0.0,0.0,0.0,0.0,0.0,0.0,0.0,0.0,0.0,0.0,0.0,0.0
Tc,0.0,0.0,0.0,0.1015346165133619,0.0,0.0,0.0,0.0,0.0,0.0,0.0,0.0,0.0,0.1015346165133619,0.0,0.0,0.0,0.0,0.0,0.0,0.0,0.2270383045932499,0.1435916317235476,0.17586311452816472,0.2030692330267238,0.2030692330267238,0.17586311452816472,0.17586311452816472,0.1015346165133619,0.0,0.0,0.0,0.0,0.0,0.0,0.0,0.0,0.0,0.0,0.0,0.0,0.17586311452816472,0.8310966547186531,0.0,0.0,0.0,0.0,0.0,0.0,0.0,0.0,0.0,0.0,0.0,0.0,0.0,0.0,0.0,0.0,0.0,0.0,0.0,0.0,0.0,0.0,0.0,0.0,0.0,0.0,0.0,0.0,0.0,0.0,0.0,0.0,0.0,0.0,0.0,0.0,0.0,0.0,0.0,0.0,0.0,0.0,0.0,0.0,0.0,0.0,0.0,0.0,0.0,0.0,0.0,0.0,0.0,0.0,0.0
Ru,0.0,0.0,0.0,0.02701716134791496,0.0,0.03820803599504351,0.0,0.02701716134791496,0.0,0.0,0.02701716134791496,0.10108896132708942,0.10108896132708942,0.07148069005748958,0.0,0.046795096130874764,0.0,0.0,0.0,0.0,0.02701716134791496,0.14549186647946624,0.09359019226174953,0.1504251881377496,0.22278921988361636,0.2728599544537922,0.3008503762754992,0.25772729320782767,0.1504251881377496,0.08105148404374488,0.05403432269582992,0.07148069005748958,0.0,0.0,0.0,0.0,0.0,0.02701716134791496,0.02701716134791496,0.07641607199008701,0.10108896132708942,0.10806864539165983,0.06617825960083583,0.7506688015596735,0.0,0.0,0.0,0.0,0.0,0.0,0.0,0.0,0.0,0.0,0.0,0.0,0.0,0.0,0.0,0.0,0.0,0.0,0.0,0.0,0.0,0.0,0.0,0.0,0.0,0.0,0.0,0.0,0.0,0.0,0.0,0.0,0.0,0.0,0.0,0.0,0.0,0.0,0.0,0.0,0.0,0.0,0.0,0.0,0.0,0.0,0.0,0.0,0.0,0.0,0.0,0.0,0.0,0.0
Rh,0.0,0.0,0.023603030823749146,0.023603030823749146,0.023603030823749146,0.023603030823749146,0.0,0.023603030823749146,0.0,0.0,0.0,0.10288322612199811,0.15833394419077784,0.10816267538020635,0.0,0.07828239715756904,0.0,0.0,0.0,0.023603030823749146,0.0667594526081125,0.10555596279385189,0.10816267538020635,0.17819897488989822,0.1750447614859607,0.24070462950045773,0.3004175367365062,0.2900388985534435,0.19463557834205428,0.10816267538020635,0.12264494579804344,0.10816267538020635,0.03337972630405625,0.0,0.0,0.0,0.0,0.03337972630405625,0.07463933708620758,0.04720606164749829,0.040881648599347814,0.088314454631934,0.040881648599347814,0.26494336389580203,0.6734106430332222,0.0,0.0,0.0,0.0,0.0,0.0,0.0,0.0,0.0,0.0,0.0,0.0,0.0,0.0,0.0,0.0,0.0,0.0,0.0,0.0,0.0,0.0,0.0,0.0,0.0,0.0,0.0,0.0,0.0,0.0,0.0,0.0,0.0,0.0,0.0,0.0,0.0,0.0,0.0,0.0,0.0,0.0,0.0,0.0,0.0,0.0,0.0,0.0,0.0,0.0,0.0,0.0,0.0
Pd,0.0,0.0,0.05765272462919676,0.030816677568068284,0.0,0.0,0.021790681682020446,0.021790681682020446,0.0,0.0,0.021790681682020446,0.08153326507837143,0.1111111111111111,0.08716272672808179,0.0,0.021790681682020446,0.021790681682020446,0.0,0.021790681682020446,0.037742567804819854,0.053376051268362375,0.07548513560963971,0.06537204504606134,0.12132538091092641,0.1428910555324828,0.16451603893094152,0.2055728798428324,0.32247264068228176,0.23670739186540563,0.10220735677864441,0.1111111111111111,0.10895340841010225,0.021790681682020446,0.030816677568068284,0.021790681682020446,0.021790681682020446,0.021790681682020446,0.030816677568068284,0.053376051268362375,0.06163335513613657,0.04358136336404089,0.04358136336404089,0.037742567804819854,0.15863855720744088,0.26953584668754665,0.7344461900492594,0.0,0.0,0.0,0.0,0.0,0.0,0.0,0.0,0.0,0.0,0.0,0.0,0.0,0.0,0.0,0.0,0.0,0.0,0.0,0.0,0.0,0.0,0.0,0.0,0.0,0.0,0.0,0.0,0.0,0.0,0.0,0.0,0.0,0.0,0.0,0.0,0.0,0.0,0.0,0.0,0.0,0.0,0.0,0.0,0.0,0.0,0.0,0.0,0.0,0.0,0.0,0.0
Ag,0.050156986257551925,0.0,0.07930515857181443,0.03546634510659544,0.0,0.07523547938632788,0.025078493128775962,0.0,0.0,0.0,0.13505181861304877,0.11762855940383436,0.0938351290644441,0.050156986257551925,0.025078493128775962,0.0,0.0,0.0,0.08687444855261389,0.025078493128775962,0.056077215409204434,0.06142951168339513,0.056077215409204434,0.07523547938632788,0.11762855940383436,0.0938351290644441,0.0938351290644441,0.12027222790416517,0.28812994971805395,0.11762855940383436,0.07930515857181443,0.056077215409204434,0.0,0.0,0.025078493128775962,0.0,0.07093269021319087,0.025078493128775962,0.06635145607498333,0.050156986257551925,0.043437224276306946,0.043437224276306946,0.0,0.0831759520156559,0.12787572583513118,0.1682316462276133,0.8336477394314218,0.0,0.0,0.0,0.0,0.0,0.0,0.0,0.0,0.0,0.0,0.0,0.0,0.0,0.0,0.0,0.0,0.0,0.0,0.0,0.0,0.0,0.0,0.0,0.0,0.0,0.0,0.0,0.0,0.0,0.0,0.0,0.0,0.0,0.0,0.0,0.0,0.0,0.0,0.0,0.0,0.0,0.0,0.0,0.0,0.0,0.0,0.0,0.0,0.0,0.0,0.0
Cd,0.0,0.0,0.05399492471560388,0.06388765649999399,0.04829452884162951,0.0,0.0,0.0,0.0,0.0,0.04829452884162951,0.24387541626595355,0.10525548537328673,0.07244179326244427,0.0,0.04182428884065142,0.0,0.0,0.0,0.17579473850904512,0.04829452884162951,0.04182428884065142,0.04829452884162951,0.03414938883812553,0.2252306883481044,0.14488358652488853,0.14080153722988034,0.13226001425322165,0.12073632210407378,0.25555062599997597,0.07636035483212125,0.06388765649999399,0.03414938883812553,0.024147264420814756,0.0,0.0,0.024147264420814756,0.10244816651437659,0.059148476515058925,0.03414938883812553,0.024147264420814756,0.0,0.0,0.059148476515058925,0.08008741579734115,0.07244179326244427,0.13226001425322165,0.7891391035687821,0.0,0.0,0.0,0.0,0.0,0.0,0.0,0.0,0.0,0.0,0.0,0.0,0.0,0.0,0.0,0.0,0.0,0.0,0.0,0.0,0.0,0.0,0.0,0.0,0.0,0.0,0.0,0.0,0.0,0.0,0.0,0.0,0.0,0.0,0.0,0.0,0.0,0.0,0.0,0.0,0.0,0.0,0.0,0.0,0.0,0.0,0.0,0.0,0.0,0.0
In,0.0,0.0,0.021157210918704514,0.03664536425764722,0.04730896182852408,0.0,0.0,0.0,0.0,0.0,0.03664536425764722,0.11588281674069063,0.2676199017587592,0.08194152554034032,0.029920814623220056,0.04231442183740903,0.0,0.0,0.04231442183740903,0.03664536425764722,0.14810047643093163,0.08194152554034032,0.08976244386966017,0.11779836497004123,0.08194152554034032,0.11588281674069063,0.07916303451750505,0.07916303451750505,0.05984162924644011,0.09923611552700001,0.2676199017587592,0.10993609277294167,0.04231442183740903,0.0,0.0,0.0,0.021157210918704514,0.03664536425764722,0.12153892354851649,0.06347163275611356,0.03664536425764722,0.055976718526632545,0.0,0.04730896182852408,0.10993609277294167,0.10788103132767267,0.07916303451750505,0.10993609277294167,0.8034170532818111,0.0,0.0,0.0,0.0,0.0,0.0,0.0,0.0,0.0,0.0,0.0,0.0,0.0,0.0,0.0,0.0,0.0,0.0,0.0,0.0,0.0,0.0,0.0,0.0,0.0,0.0,0.0,0.0,0.0,0.0,0.0,0.0,0.0,0.0,0.0,0.0,0.0,0.0,0.0,0.0,0.0,0.0,0.0,0.0,0.0,0.0,0.0,0.0,0.0
Sn,0.0,0.0,0.019596545041740514,0.03919309008348103,0.019596545041740514,0.03919309008348103,0.027713699773684663,0.0,0.0,0.0,0.019596545041740514,0.06196971660197944,0.17195898485719865,0.20831413121952388,0.058789635125221534,0.04800153607373193,0.0,0.0,0.0,0.055427399547369326,0.06196971660197944,0.13291023500226148,0.06499438709075278,0.06196971660197944,0.07332355751067664,0.03919309008348103,0.03394221166510653,0.055427399547369326,0.027713699773684663,0.08541935947948993,0.17307199961487488,0.25400025400038095,0.08079862510427017,0.04800153607373193,0.0,0.0,0.0,0.051847584736521256,0.058789635125221534,0.11593472394004206,0.04800153607373193,0.07589709258986453,0.027713699773684663,0.09398172845919671,0.08314109932105399,0.10553062470020716,0.03394221166510653,0.06788442333021306,0.21287296717434517,0.8067971609928825,0.0,0.0,0.0,0.0,0.0,0.0,0.0,0.0,0.0,0.0,0.0,0.0,0.0,0.0,0.0,0.0,0.0,0.0,0.0,0.0,0.0,0.0,0.0,0.0,0.0,0.0,0.0,0.0,0.0,0.0,0.0,0.0,0.0,0.0,0.0,0.0,0.0,0.0,0.0,0.0,0.0,0.0,0.0,0.0,0.0,0.0,0.0,0.0
Sb,0.02031949595270732,0.0,0.0,0.0,0.02031949595270732,0.06095848785812197,0.13781352664203939,0.07602859212697055,0.02031949595270732,0.0,0.0,0.02031949595270732,0.08127798381082928,0.10558319812283773,0.20821287461650723,0.13168538439184413,0.02031949595270732,0.0,0.0,0.02031949595270732,0.0287361067569039,0.0,0.0,0.02031949595270732,0.02031949595270732,0.02031949595270732,0.02031949595270732,0.03519439937427925,0.0,0.04543577421878542,0.07869706942816446,0.1285117762342563,0.2822874594168384,0.1285117762342563,0.02031949595270732,0.0,0.0,0.02031949595270732,0.03519439937427925,0.03519439937427925,0.08127798381082928,0.0287361067569039,0.0,0.0673921440042753,0.0673921440042753,0.03519439937427925,0.0,0.02031949595270732,0.07326298454906924,0.1573941388563289,0.8451542547285165,0.0,0.0,0.0,0.0,0.0,0.0,0.0,0.0,0.0,0.0,0.0,0.0,0.0,0.0,0.0,0.0,0.0,0.0,0.0,0.0,0.0,0.0,0.0,0.0,0.0,0.0,0.0,0.0,0.0,0.0,0.0,0.0,0.0,0.0,0.0,0.0,0.0,0.0,0.0,0.0,0.0,0.0,0.0,0.0,0.0,0.0,0.0
Te,0.02102121059172125,0.0,0.029728481116313144,0.0,0.02102121059172125,0.0514912397253063,0.11123379096642269,0.12075766115021147,0.02102121059172125,0.0,0.0,0.029728481116313144,0.03640980478146623,0.029728481116313144,0.11320268348190037,0.2617119612951069,0.029728481116313144,0.0,0.0,0.0,0.03640980478146623,0.03640980478146623,0.02102121059172125,0.02102121059172125,0.03640980478146623,0.0,0.0,0.029728481116313144,0.02102121059172125,0.047004855852427294,0.02102121059172125,0.03640980478146623,0.12958344493096624,0.31671647242655226,0.03640980478146623,0.0,0.0,0.02102121059172125,0.047004855852427294,0.047004855852427294,0.029728481116313144,0.047004855852427294,0.0,0.03640980478146623,0.0420424211834425,0.047004855852427294,0.02102121059172125,0.03640980478146623,0.0420424211834425,0.08141479853885537,0.1694784179717202,0.8379530221583029,0.0,0.0,0.0,0.0,0.0,0.0,0.0,0.0,0.0,0.0,0.0,0.0,0.0,0.0,0.0,0.0,0.0,0.0,0.0,0.0,0.0,0.0,0.0,0.0,0.0,0.0,0.0,0.0,0.0,0.0,0.0,0.0,0.0,0.0,0.0,0.0,0.0,0.0,0.0,0.0,0.0,0.0,0.0,0.0,0.0,0.0
I,0.07244179326244429,0.0,0.024147264420814763,0.0,0.0,0.041824288840651425,0.024147264420814763,0.03414938883812554,0.09956172177673853,0.0,0.0,0.024147264420814763,0.0,0.0,0.0,0.024147264420814763,0.2438754162659536,0.0,0.0,0.0,0.024147264420814763,0.0,0.0,0.0,0.0,0.0,0.0,0.0,0.0,0.024147264420814763,0.024147264420814763,0.0,0.0,0.041824288840651425,0.29672655295797296,0.0,0.0,0.0,0.03414938883812554,0.0,0.0,0.0,0.0,0.0,0.0,0.0,0.0,0.024147264420814763,0.024147264420814763,0.0,0.024147264420814763,0.03414938883812554,0.9080142046897546,0.0,0.0,0.0,0.0,0.0,0.0,0.0,0.0,0.0,0.0,0.0,0.0,0.0,0.0,0.0,0.0,0.0,0.0,0.0,0.0,0.0,0.0,0.0,0.0,0.0,0.0,0.0,0.0,0.0,0.0,0.0,0.0,0.0,0.0,0.0,0.0,0.0,0.0,0.0,0.0,0.0,0.0,0.0,0.0,0.0
Xe,0.0,0.0,0.0,0.0,0.0,0.0,0.0,0.0,0.0,0.0,0.0,0.0,0.0,0.0,0.0,0.0,0.0,0.0,0.0,0.0,0.0,0.0,0.0,0.0,0.0,0.0,0.0,0.0,0.0,0.0,0.0,0.0,0.0,0.0,0.0,0.09950371902099892,0.0,0.0,0.0,0.0,0.0,0.0,0.0,0.0,0.0,0.0,0.0,0.0,0.0,0.0,0.0,0.0,0.0,0.9950371902099892,0.0,0.0,0.0,0.0,0.0,0.0,0.0,0.0,0.0,0.0,0.0,0.0,0.0,0.0,0.0,0.0,0.0,0.0,0.0,0.0,0.0,0.0,0.0,0.0,0.0,0.0,0.0,0.0,0.0,0.0,0.0,0.0,0.0,0.0,0.0,0.0,0.0,0.0,0.0,0.0,0.0,0.0,0.0,0.0
Cs,0.028421021140160225,0.0,0.06961699976224635,0.0,0.0,0.0,0.0,0.0,0.020096696776453517,0.0,0.10634172368873886,0.020096696776453517,0.020096696776453517,0.0,0.0,0.0,0.0,0.0,0.2581467441564552,0.040193393552907034,0.020096696776453517,0.020096696776453517,0.0,0.020096696776453517,0.034808499881123174,0.0,0.0,0.028421021140160225,0.034808499881123174,0.020096696776453517,0.0,0.0,0.0,0.0,0.0,0.0,0.35326769083704446,0.049226652617746655,0.020096696776453517,0.0,0.0,0.0,0.0,0.0,0.0,0.0,0.049226652617746655,0.034808499881123174,0.028421021140160225,0.0,0.0,0.0,0.0,0.0,0.8812808273231816,0.0,0.0,0.0,0.0,0.0,0.0,0.0,0.0,0.0,0.0,0.0,0.0,0.0,0.0,0.0,0.0,0.0,0.0,0.0,0.0,0.0,0.0,0.0,0.0,0.0,0.0,0.0,0.0,0.0,0.0,0.0,0.0,0.0,0.0,0.0,0.0,0.0,0.0,0.0,0.0,0.0,0.0,0.0
Ba,0.0,0.0,0.01836795895926613,0.03181423814878889,0.0,0.0,0.01836795895926613,0.0,0.0,0.0,0.05195243334661311,0.05808458627977691,0.025976216673306556,0.01836795895926613,0.0,0.01836795895926613,0.0,0.0,0.07573303491606448,0.20942695414584778,0.05195243334661311,0.03673591791853226,0.01836795895926613,0.01836795895926613,0.04499212706658476,0.03181423814878889,0.025976216673306556,0.03673591791853226,0.025976216673306556,0.03181423814878889,0.03181423814878889,0.025976216673306556,0.01836795895926613,0.01836795895926613,0.0,0.0,0.041072004840845354,0.3106303720986978,0.08808963659576279,0.055103876877798386,0.025976216673306556,0.0,0.0,0.01836795895926613,0.025976216673306556,0.01836795895926613,0.03181423814878889,0.05808458627977691,0.025976216673306556,0.04499212706658476,0.025976216673306556,0.01836795895926613,0.0,0.0,0.05195243334661311,0.8975901159183584,0.0,0.0,0.0,0.0,0.0,0.0,0.0,0.0,0.0,0.0,0.0,0.0,0.0,0.0,0.0,0.0,0.0,0.0,0.0,0.0,0.0,0.0,0.0,0.0,0.0,0.0,0.0,0.0,0.0,0.0,0.0,0.0,0.0,0.0,0.0,0.0,0.0,0.0,0.0,0.0,0.0,0.0
La,0.0,0.0,0.05558415558604999,0.032091527190284005,0.032091527190284005,0.0,0.0,0.0,0.0,0.0,0.05558415558604999,0.08181766168212579,0.050741159757260616,0.032091527190284005,0.0,0.03930393334142406,0.0,0.0,0.03930393334142406,0.18574314235809275,0.17132187351892642,0.096274581570852,0.06003774988219146,0.05558415558604999,0.07860786668284812,0.06003774988219146,0.032091527190284005,0.06003774988219146,0.032091527190284005,0.04538427298976458,0.05558415558604999,0.03930393334142406,0.02269213649488229,0.04538427298976458,0.0,0.0,0.02269213649488229,0.18985603521923083,0.297604580100521,0.12220089485093262,0.06807640948464687,0.050741159757260616,0.0,0.0,0.04538427298976458,0.05558415558604999,0.050741159757260616,0.04538427298976458,0.07860786668284812,0.06807640948464687,0.032091527190284005,0.04538427298976458,0.032091527190284005,0.0,0.02269213649488229,0.1488022900502605,0.8241339117087856,0.0,0.0,0.0,0.0,0.0,0.0,0.0,0.0,0.0,0.0,0.0,0.0,0.0,0.0,0.0,0.0,0.0,0.0,0.0,0.0,0.0,0.0,0.0,0.0,0.0,0.0,0.0,0.0,0.0,0.0,0.0,0.0,0.0,0.0,0.0,0.0,0.0,0.0,0.0,0.0,0.0
Ce,0.0,0.0,0.044777366283964504,0.03166237934306518,0.0,0.0,0.0,0.0,0.0,0.0,0.044777366283964504,0.07425486153211035,0.05006261743217589,0.044777366283964504,0.0,0.03166237934306518,0.0,0.0,0.03166237934306518,0.17628866734872373,0.16452254913212452,0.10968169942141637,0.07079923254047887,0.05923488777590923,0.08072354505853323,0.06716604942594676,0.044777366283964504,0.07425486153211035,0.044777366283964504,0.054840849710708184,0.044777366283964504,0.038778336716474064,0.022388683141982252,0.03166237934306518,0.0,0.0,0.0,0.16144709011706646,0.2840805420755968,0.15018785229652765,0.08072354505853323,0.06332475868613036,0.0,0.022388683141982252,0.038778336716474064,0.05923488777590923,0.05006261743217589,0.054840849710708184,0.07755667343294813,0.08072354505853323,0.03166237934306518,0.03166237934306518,0.022388683141982252,0.0,0.0,0.13618504291876907,0.42890546714791766,0.7122276113898317,0.0,0.0,0.0,0.0,0.0,0.0,0.0,0.0,0.0,0.0,0.0,0.0,0.0,0.0,0.0,0.0,0.0,0.0,0.0,0.0,0.0,0.0,0.0,0.0,0.0,0.0,0.0,0.0,0.0,0.0,0.0,0.0,0.0,0.0,0.0,0.0,0.0,0.0,0.0,0.0
Pr,0.0,0.0,0.058534894061658585,0.031288216964262136,0.0,0.0,0.0,0.0,0.0,0.0,0.031288216964262136,0.08278084105406991,0.054192781460340476,0.03832008326196737,0.0,0.03832008326196737,0.0,0.0,0.031288216964262136,0.17973712244967774,0.16407679397792785,0.09386465089278642,0.054192781460340476,0.058534894061658585,0.0856863110772109,0.06257643392852427,0.04424822077333146,0.06996258002685224,0.03832008326196737,0.054192781460340476,0.04947101476629374,0.03832008326196737,0.02212411038666573,0.03832008326196737,0.0,0.0,0.02212411038666573,0.15953922884629743,0.2884631072914403,0.13457570967619195,0.058534894061658585,0.04947101476629374,0.0,0.02212411038666573,0.04947101476629374,0.06996258002685224,0.04424822077333146,0.058534894061658585,0.07664016652393474,0.07337737297297496,0.031288216964262136,0.04424822077333146,0.02212411038666573,0.0,0.02212411038666573,0.12318183337019499,0.39823398695998313,0.401904423877683,0.617496564243614,0.0,0.0,0.0,0.0,0.0,0.0,0.0,0.0,0.0,0.0,0.0,0.0,0.0,0.0,0.0,0.0,0.0,0.0,0.0,0.0,0.0,0.0,0.0,0.0,0.0,0.0,0.0,0.0,0.0,0.0,0.0,0.0,0.0,0.0,0.0,0.0,0.0,0.0,0.0
Nd,0.0,0.0,0.043379967765225534,0.019400111356958787,0.0,0.0,0.0,0.0,0.0,0.0,0.033601978542746616,0.06720395708549323,0.043379967765225534,0.02743590059255942,0.0,0.033601978542746616,0.0,0.0,0.02743590059255942,0.1539836101724183,0.1539836101724183,0.08456312489841906,0.05132787005747276,0.05132787005747276,0.07760044542783515,0.05820033407087637,0.02743590059255942,0.043379967765225534,0.02743590059255942,0.04752037377772199,0.043379967765225534,0.03880022271391757,0.019400111356958787,0.033601978542746616,0.0,0.0,0.019400111356958787,0.14123494254293895,0.27708901352296494,0.11477260658878513,0.05820033407087637,0.03880022271391757,0.0,0.0,0.03880022271391757,0.033601978542746616,0.03880022271391757,0.04752037377772199,0.06994809624722617,0.05132787005747276,0.019400111356958787,0.033601978542746616,0.019400111356958787,0.0,0.019400111356958787,0.1080152486482091,0.3665543104049893,0.3437708490957225,0.400413786728408,0.593212137282562,0.0,0.0,0.0,0.0,0.0,0.0,0.0,0.0,0.0,0.0,0.0,0.0,0.0,0.0,0.0,0.0,0.0,0.0,0.0,0.0,0.0,0.0,0.0,0.0,0.0,0.0,0.0,0.0,0.0,0.0,0.0,0.0,0.0,0.0,0.0,0.0,0.0,0.0
Pm,0.0,0.0,0.0,0.0,0.0,0.0,0.0,0.0,0.0,0.0,0.0,0.0,0.0,0.0,0.0,0.0,0.0,0.0,0.0,0.16012815380508713,0.32025630761017426,0.0,0.0,0.0,0.16012815380508713,0.0,0.0,0.0,0.0,0.0,0.0,0.0,0.0,0.0,0.0,0.0,0.0,0.16012815380508713,0.35805743701971643,0.0,0.0,0.0,0.0,0.0,0.16012815380508713,0.16012815380508713,0.16012815380508713,0.0,0.16012815380508713,0.0,0.0,0.0,0.0,0.0,0.0,0.16012815380508713,0.32025630761017426,0.32025630761017426,0.32025630761017426,0.32025630761017426,0.3922322702763681,0.0,0.0,0.0,0.0,0.0,0.0,0.0,0.0,0.0,0.0,0.0,0.0,0.0,0.0,0.0,0.0,0.0,0.0,0.0,0.0,0.0,0.0,0.0,0.0,0.0,0.0,0.0,0.0,0.0,0.0,0.0,0.0,0.0,0.0,0.0,0.0,0.0
Sm,0.0,0.0,0.04498302211312381,0.02844976118303833,0.0,0.0,0.0,0.0,0.0,0.0,0.02844976118303833,0.08294459443906681,0.05322462954123495,0.034843699101241694,0.0,0.034843699101241694,0.0,0.0,0.02844976118303833,0.13937479640496678,0.16466489768909198,0.08996604422624763,0.05689952236607666,0.05689952236607666,0.09218776257945031,0.06035105716699265,0.04023403811132844,0.06361559994890854,0.034843699101241694,0.0725329437146835,0.04023403811132844,0.034843699101241694,0.02011701905566422,0.04023403811132844,0.0,0.0,0.02844976118303833,0.14366425178165868,0.29702422685622576,0.11730137038126427,0.05322462954123495,0.04023403811132844,0.0,0.02011701905566422,0.04498302211312381,0.04927643183222323,0.04498302211312381,0.05689952236607666,0.0725329437146835,0.06361559994890854,0.02011701905566422,0.034843699101241694,0.02011701905566422,0.0,0.02844976118303833,0.11200682178449968,0.3180779997445427,0.30641330538855854,0.348436991012417,0.36929937932004103,0.04498302211312381,0.5249732605782287,0.0,0.0,0.0,0.0,0.0,0.0,0.0,0.0,0.0,0.0,0.0,0.0,0.0,0.0,0.0,0.0,0.0,0.0,0.0,0.0,0.0,0.0,0.0,0.0,0.0,0.0,0.0,0.0,0.0,0.0,0.0,0.0,0.0,0.0,0.0,0.0
Eu,0.0,0.0,0.031830350703961514,0.038984058779272523,0.0,0.0,0.0,0.0,0.0,0.0,0.055131784641997125,0.07117482792171624,0.038984058779272523,0.02250745683031718,0.0,0.031830350703961514,0.0,0.0,0.059549133417541374,0.2506324320755504,0.12732140281584606,0.05032820347323118,0.031830350703961514,0.038984058779272523,0.06366070140792303,0.04501491366063436,0.031830350703961514,0.04501491366063436,0.031830350703961514,0.04501491366063436,0.031830350703961514,0.031830350703961514,0.02250745683031718,0.031830350703961514,0.0,0.0,0.038984058779272523,0.26915003744103144,0.23172845093917735,0.0811517896820008,0.038984058779272523,0.02250745683031718,0.0,0.0,0.038984058779272523,0.038984058779272523,0.031830350703961514,0.06366070140792303,0.07796811755854505,0.059549133417541374,0.02250745683031718,0.0,0.0,0.0,0.04501491366063436,0.21588394195287067,0.24860298626961058,0.22281245492773064,0.2546428056316921,0.27565892320998564,0.038984058779272523,0.2864731563356537,0.5864909472495494,0.0,0.0,0.0,0.0,0.0,0.0,0.0,0.0,0.0,0.0,0.0,0.0,0.0,0.0,0.0,0.0,0.0,0.0,0.0,0.0,0.0,0.0,0.0,0.0,0.0,0.0,0.0,0.0,0.0,0.0,0.0,0.0,0.0,0.0,0.0
Gd,0.0,0.0,0.031766046899489794,0.03668027145702142,0.0,0.0,0.0,0.0,0.0,0.0,0.031766046899489794,0.07781060604906963,0.04852343814880976,0.025936868683023213,0.0,0.031766046899489794,0.0,0.0,0.01834013572851071,0.13351820348787777,0.15988559650279577,0.08201958041104515,0.05799660149872535,0.05799660149872535,0.08795620106862556,0.04852343814880976,0.031766046899489794,0.03668027145702142,0.025936868683023213,0.05502040718553213,0.04492397434823828,0.031766046899489794,0.025936868683023213,0.03668027145702142,0.0,0.0,0.01834013572851071,0.12302937061656774,0.2979919340093143,0.11155869040996859,0.05799660149872535,0.041009790205522575,0.0,0.0,0.041009790205522575,0.01834013572851071,0.04852343814880976,0.04852343814880976,0.07561831679681397,0.051873737366046425,0.025936868683023213,0.031766046899489794,0.01834013572851071,0.0,0.01834013572851071,0.09351670996161635,0.273876631011964,0.27326186787754214,0.28589442209540816,0.3165998300773046,0.03668027145702142,0.33063149884057236,0.23053193143109443,0.5145053695649187,0.0,0.0,0.0,0.0,0.0,0.0,0.0,0.0,0.0,0.0,0.0,0.0,0.0,0.0,0.0,0.0,0.0,0.0,0.0,0.0,0.0,0.0,0.0,0.0,0.0,0.0,0.0,0.0,0.0,0.0,0.0,0.0,0.0,0.0
Tb,0.0,0.0,0.05316817773513507,0.026584088867567534,0.0,0.01879778950992281,0.0,0.0,0.0,0.0,0.03255872650117157,0.0797522666027026,0.04973427624099448,0.03255872650117157,0.0,0.03255872650117157,0.0,0.0,0.01879778950992281,0.12469042938498534,0.1743235284736553,0.08406627034183972,0.05316817773513507,0.04973427624099448,0.08614229332706812,0.04203313517091986,0.026584088867567534,0.04203313517091986,0.026584088867567534,0.05316817773513507,0.03759557901984562,0.026584088867567534,0.01879778950992281,0.03759557901984562,0.0,0.0,0.01879778950992281,0.1158773568798315,0.30484891699137256,0.13555278788681158,0.05639336852976844,0.04604499259155315,0.0,0.0,0.026584088867567534,0.026584088867567534,0.04203313517091986,0.04973427624099448,0.07033488797482439,0.059443829827776413,0.01879778950992281,0.03255872650117157,0.01879778950992281,0.0,0.01879778950992281,0.09398894754961404,0.24938085876997068,0.25498562281925424,0.2769087308657529,0.294231946196439,0.03759557901984562,0.2863193995987217,0.19982324344757327,0.32775065934280995,0.4792514776175308,0.0,0.0,0.0,0.0,0.0,0.0,0.0,0.0,0.0,0.0,0.0,0.0,0.0,0.0,0.0,0.0,0.0,0.0,0.0,0.0,0.0,0.0,0.0,0.0,0.0,0.0,0.0,0.0,0.0,0.0,0.0,0.0,0.0
Dy,0.0,0.0,0.04026501057399582,0.04026501057399582,0.0,0.01800706015164049,0.0,0.0,0.0,0.0,0.03601412030328098,0.0784909554712591,0.05402118045492148,0.01800706015164049,0.0,0.031189143077590267,0.0,0.0,0.01800706015164049,0.12732914342459054,0.16206354136476445,0.0784909554712591,0.05694332404284096,0.05972266210035172,0.08821621827824618,0.05402118045492148,0.03601412030328098,0.04410810913912309,0.025465828684918108,0.05694332404284096,0.04026501057399582,0.025465828684918108,0.025465828684918108,0.03601412030328098,0.0,0.0,0.01800706015164049,0.10653120451617903,0.2969800440482581,0.11100297375107732,0.05972266210035172,0.04026501057399582,0.0,0.01800706015164049,0.03601412030328098,0.04026501057399582,0.04026501057399582,0.047642203004621776,0.0784909554712591,0.04410810913912309,0.025465828684918108,0.031189143077590267,0.01800706015164049,0.0,0.01800706015164049,0.08821621827824618,0.23060288660376094,0.2382110150231089,0.2552941387424799,0.26526056005584653,0.04026501057399582,0.2736836197791321,0.1931042069972891,0.32060659109198186,0.32362650006365373,0.44437688634831424,0.0,0.0,0.0,0.0,0.0,0.0,0.0,0.0,0.0,0.0,0.0,0.0,0.0,0.0,0.0,0.0,0.0,0.0,0.0,0.0,0.0,0.0,0.0,0.0,0.0,0.0,0.0,0.0,0.0,0.0,0.0,0.0
Ho,0.0,0.0,0.0428025825003853,0.03494816226644152,0.0,0.01747408113322076,0.0,0.0,0.0,0.0,0.03494816226644152,0.07814646651645636,0.055257896399553766,0.01747408113322076,0.0,0.030265996338319102,0.0,0.0,0.01747408113322076,0.12106398535327641,0.15629293303291272,0.0819607055356919,0.049424165057217244,0.05795497067512155,0.0907979890149573,0.0428025825003853,0.024712082528608622,0.030265996338319102,0.024712082528608622,0.04623207306786785,0.03907323325822818,0.024712082528608622,0.01747408113322076,0.030265996338319102,0.0,0.0,0.01747408113322076,0.09729156620674699,0.2897748533756077,0.11458521279976057,0.052422243399662276,0.03907323325822818,0.0,0.0,0.030265996338319102,0.024712082528608622,0.03907323325822818,0.0428025825003853,0.08007629949278385,0.04623207306786785,0.01747408113322076,0.030265996338319102,0.01747408113322076,0.0,0.01747408113322076,0.0819607055356919,0.2125813719370926,0.21543494085328407,0.23508971813441581,0.25800171607216726,0.03907323325822818,0.2532234929949829,0.18075330073110932,0.2897748533756077,0.3071663149470787,0.3226796203738007,0.4336952882536714,0.0,0.0,0.0,0.0,0.0,0.0,0.0,0.0,0.0,0.0,0.0,0.0,0.0,0.0,0.0,0.0,0.0,0.0,0.0,0.0,0.0,0.0,0.0,0.0,0.0,0.0,0.0,0.0,0.0,0.0,0.0
Er,0.0,0.0,0.040345765480241574,0.03294217956952911,0.0,0.0,0.0,0.0,0.0,0.0,0.02852876436324094,0.06791204295161633,0.052086159264988566,0.016471089784764557,0.0,0.02852876436324094,0.0,0.0,0.016471089784764557,0.11292010245653979,0.15451251821585277,0.07179581586177382,0.04941326935429368,0.052086159264988566,0.08235544892382281,0.04357840739270342,0.02852876436324094,0.02852876436324094,0.02329363856067898,0.04357840739270342,0.040345765480241574,0.02329363856067898,0.016471089784764557,0.02852876436324094,0.0,0.0,0.016471089784764557,0.09461920712533259,0.2726450491815145,0.10674486191525365,0.05462842470431972,0.03683047642223594,0.0,0.0,0.02852876436324094,0.016471089784764557,0.03683047642223594,0.040345765480241574,0.08235544892382281,0.04357840739270342,0.016471089784764557,0.02329363856067898,0.016471089784764557,0.0,0.016471089784764557,0.07725625910792638,0.1990209351045141,0.207692539569784,0.21913359708065364,0.2340981702981692,0.03294217956952911,0.23525421767599872,0.17037827754928728,0.28337934366241574,0.2814581056209794,0.3037118890613991,0.30946368113288303,0.4323464979651937,0.0,0.0,0.0,0.0,0.0,0.0,0.0,0.0,0.0,0.0,0.0,0.0,0.0,0.0,0.0,0.0,0.0,0.0,0.0,0.0,0.0,0.0,0.0,0.0,0.0,0.0,0.0,0.0,0.0,0.0
Tm,0.0,0.0,0.04529882541668522,0.018493168036382727,0.0,0.0,0.0,0.0,0.0,0.0,0.032031106631923656,0.07162373182352562,0.05230657809659414,0.018493168036382727,0.0,0.018493168036382727,0.018493168036382727,0.0,0.018493168036382727,0.10783277320343841,0.17544159644157908,0.08674064680691246,0.05848053214719304,0.05848053214719304,0.08674064680691246,0.04135198084867808,0.02615328904829707,0.036986336072765455,0.02615328904829707,0.048928323577997375,0.036986336072765455,0.018493168036382727,0.018493168036382727,0.032031106631923656,0.018493168036382727,0.0,0.018493168036382727,0.09609331989577097,0.2667122624037985,0.12405594254603425,0.05848053214719304,0.04135198084867808,0.0,0.0,0.032031106631923656,0.032031106631923656,0.036986336072765455,0.04529882541668522,0.0847463423662617,0.05230657809659414,0.036986336072765455,0.036986336072765455,0.02615328904829707,0.0,0.018493168036382727,0.07624928516630232,0.19307434262062312,0.19218663979154194,0.21803123560408127,0.22114612534505312,0.036986336072765455,0.23465199659820482,0.1684807790634192,0.2582430376298035,0.26799146524581047,0.2810718199838897,0.2900540069528163,0.2987662730458589,0.3744581128096626,0.0,0.0,0.0,0.0,0.0,0.0,0.0,0.0,0.0,0.0,0.0,0.0,0.0,0.0,0.0,0.0,0.0,0.0,0.0,0.0,0.0,0.0,0.0,0.0,0.0,0.0,0.0,0.0,0.0
Yb,0.0,0.0,0.04486257849055448,0.033912921674035035,0.0,0.0,0.0,0.016956460837017517,0.0,0.0,0.037915799089384146,0.08972515698110896,0.05362103730042051,0.02936945168626623,0.0,0.023980056885558414,0.016956460837017517,0.0,0.023980056885558414,0.1720892823626236,0.1544807101930096,0.08478230418508757,0.05873890337253246,0.06567209043238711,0.08646132468942416,0.05623821836874277,0.033912921674035035,0.04796011377111683,0.023980056885558414,0.05362103730042051,0.033912921674035035,0.023980056885558414,0.016956460837017517,0.023980056885558414,0.016956460837017517,0.0,0.023980056885558414,0.1377549390466359,0.23434295113445586,0.10314212462587934,0.05086938251105255,0.033912921674035035,0.0,0.0,0.037915799089384146,0.02936945168626623,0.02936945168626623,0.061137388998263695,0.08972515698110896,0.061137388998263695,0.02936945168626623,0.033912921674035035,0.023980056885558414,0.0,0.016956460837017517,0.1017387650221051,0.18805624793244433,0.18957899544692075,0.19847028564515973,0.20973983720301742,0.016956460837017517,0.2171486507331755,0.19774461489495485,0.2274947945363049,0.2249528734749711,0.2331127959125611,0.24747139866454623,0.24572246227122752,0.2361761703448464,0.4437930502163779,0.0,0.0,0.0,0.0,0.0,0.0,0.0,0.0,0.0,0.0,0.0,0.0,0.0,0.0,0.0,0.0,0.0,0.0,0.0,0.0,0.0,0.0,0.0,0.0,0.0,0.0,0.0,0.0
Lu,0.0,0.0,0.041288487195660716,0.03692954562305081,0.0,0.0,0.0,0.0,0.0,0.0,0.026113132136197217,0.07613220865495242,0.05539431843457622,0.018464772811525407,0.0,0.026113132136197217,0.0,0.0,0.018464772811525407,0.10113572588080552,0.18091708641861276,0.08048607870087665,0.05539431843457622,0.06124072325498554,0.09415223688002557,0.052226264272394435,0.026113132136197217,0.03692954562305081,0.026113132136197217,0.03692954562305081,0.03692954562305081,0.026113132136197217,0.018464772811525407,0.026113132136197217,0.0,0.0,0.018464772811525407,0.08048607870087665,0.2558553972782275,0.11966540464650763,0.05539431843457622,0.041288487195660716,0.0,0.0,0.031981924659778435,0.026113132136197217,0.041288487195660716,0.041288487195660716,0.09594577397933528,0.04522927160465319,0.018464772811525407,0.031981924659778435,0.0,0.0,0.018464772811525407,0.06908885358534668,0.1827919249533805,0.1818569217631846,0.19714982421463695,0.21053080189739987,0.041288487195660716,0.20808742163479865,0.15448737310436522,0.24004204654983027,0.24145823610262993,0.24841811152089105,0.2558553972782275,0.26243373004667686,0.25182592659714786,0.24496289301994215,0.3779644730092272,0.0,0.0,0.0,0.0,0.0,0.0,0.0,0.0,0.0,0.0,0.0,0.0,0.0,0.0,0.0,0.0,0.0,0.0,0.0,0.0,0.0,0.0,0.0,0.0,0.0,0.0,0.0
Hf,0.0,0.0,0.03929887459459297,0.05557700143767284,0.0,0.0,0.0,0.0,0.0,0.0,0.0,0.08336550215650927,0.08336550215650927,0.062136976600120006,0.0,0.0,0.0,0.0,0.0,0.04813109511118895,0.20420294243433837,0.269419510405005,0.14964565611410977,0.0962621902223779,0.14704292441876154,0.07859774918918594,0.03929887459459297,0.05557700143767284,0.02778850071883642,0.0,0.05557700143767284,0.04813109511118895,0.0,0.0,0.0,0.0,0.0,0.02778850071883642,0.14169410741883404,0.40745940414127885,0.2060850369896914,0.0962621902223779,0.0,0.07352146220938077,0.04813109511118895,0.03929887459459297,0.02778850071883642,0.02778850071883642,0.03929887459459297,0.10762440050012628,0.02778850071883642,0.02778850071883642,0.0,0.0,0.0,0.05557700143767284,0.10762440050012628,0.13894250359418212,0.12112726642591531,0.12427395320024001,0.0,0.10762440050012628,0.062136976600120006,0.12734290799340267,0.13326896773299388,0.13326896773299388,0.13033962171349506,0.12734290799340267,0.12734290799340267,0.11115400287534569,0.13613529495622556,0.5613002004791332,0.0,0.0,0.0,0.0,0.0,0.0,0.0,0.0,0.0,0.0,0.0,0.0,0.0,0.0,0.0,0.0,0.0,0.0,0.0,0.0,0.0,0.0,0.0,0.0,0.0,0.0
Ta,0.0,0.0,0.0,0.027027027027027032,0.0,0.027027027027027032,0.0,0.0,0.0,0.0,0.0,0.06620242548062644,0.04681218398834804,0.03822198817224582,0.0,0.027027027027027032,0.0,0.0,0.0,0.054054054054054064,0.13513513513513514,0.1852879621730012,0.20759853372617862,0.1296170681976411,0.12086853932431298,0.08546696378833459,0.04681218398834804,0.06043426966215649,0.03822198817224582,0.04681218398834804,0.027027027027027032,0.03822198817224582,0.0,0.03822198817224582,0.0,0.0,0.0,0.06043426966215649,0.0810810810810811,0.1852879621730012,0.37837837837837834,0.11780807955515335,0.0,0.07150679219093489,0.03822198817224582,0.03822198817224582,0.04681218398834804,0.027027027027027032,0.03822198817224582,0.06043426966215649,0.11466596451673744,0.03822198817224582,0.0,0.0,0.0,0.027027027027027032,0.07150679219093489,0.08963850784744325,0.06043426966215649,0.07644397634449164,0.0,0.07644397634449164,0.04681218398834804,0.07644397634449164,0.07150679219093489,0.0810810810810811,0.07150679219093489,0.0810810810810811,0.07644397634449164,0.07150679219093489,0.06620242548062644,0.1666057838640264,0.7094272836976588,0.0,0.0,0.0,0.0,0.0,0.0,0.0,0.0,0.0,0.0,0.0,0.0,0.0,0.0,0.0,0.0,0.0,0.0,0.0,0.0,0.0,0.0,0.0,0.0,0.0
W,0.0,0.0,0.0,0.0,0.0,0.0,0.0,0.03181423814878889,0.0,0.0,0.0,0.03181423814878889,0.04499212706658475,0.0,0.0,0.04499212706658475,0.0,0.0,0.0,0.0,0.06362847629757779,0.08417256229267932,0.12725695259515557,0.15585730003983933,0.08417256229267932,0.10060545457319171,0.07113879915305901,0.07113879915305901,0.0,0.04499212706658475,0.03181423814878889,0.0,0.0,0.03181423814878889,0.0,0.0,0.0,0.03181423814878889,0.04499212706658475,0.07113879915305901,0.13117346428601145,0.3441236008058426,0.03181423814878889,0.06362847629757779,0.03181423814878889,0.05510387687779838,0.04499212706658475,0.0,0.03181423814878889,0.06362847629757779,0.03181423814878889,0.11470786693528089,0.0,0.0,0.0,0.0,0.04499212706658475,0.05510387687779838,0.04499212706658475,0.03181423814878889,0.0,0.03181423814878889,0.03181423814878889,0.04499212706658475,0.04499212706658475,0.04499212706658475,0.04499212706658475,0.04499212706658475,0.04499212706658475,0.04499212706658475,0.04499212706658475,0.06362847629757779,0.11470786693528089,0.8326582960955113,0.0,0.0,0.0,0.0,0.0,0.0,0.0,0.0,0.0,0.0,0.0,0.0,0.0,0.0,0.0,0.0,0.0,0.0,0.0,0.0,0.0,0.0,0.0,0.0
Re,0.0,0.0,0.0,0.03919309008348103,0.0,0.03919309008348103,0.0,0.0,0.0,0.0,0.0,0.055427399547369326,0.06788442333021306,0.03919309008348103,0.0,0.03919309008348103,0.0,0.0,0.0,0.0,0.055427399547369326,0.08763841367493648,0.06788442333021306,0.11757927025044307,0.1466471150213533,0.09600307214746386,0.07838618016696206,0.07838618016696206,0.0,0.0,0.0,0.055427399547369326,0.0,0.055427399547369326,0.0,0.0,0.0,0.0,0.03919309008348103,0.08763841367493648,0.1239394332039589,0.16628219864210797,0.14131269593987003,0.16159725020854035,0.08763841367493648,0.07838618016696206,0.0,0.0,0.0,0.10369516947304253,0.10369516947304253,0.08763841367493648,0.06788442333021306,0.0,0.0,0.0,0.0,0.055427399547369326,0.03919309008348103,0.0,0.0,0.03919309008348103,0.0,0.0,0.0,0.03919309008348103,0.0,0.0,0.0,0.0,0.0,0.03919309008348103,0.08763841367493648,0.1998463311336696,0.8396839431738368,0.0,0.0,0.0,0.0,0.0,0.0,0.0,0.0,0.0,0.0,0.0,0.0,0.0,0.0,0.0,0.0,0.0,0.0,0.0,0.0,0.0,0.0,0.0
Os,0.0,0.0,0.0,0.04935639364032841,0.0,0.0349002406379888,0.0,0.0349002406379888,0.0,0.0,0.0,0.09233735742442857,0.11575100328932261,0.07803931049764358,0.0,0.0349002406379888,0.0,0.0,0.0,0.0,0.0349002406379888,0.060448989981376655,0.0349002406379888,0.1599329944957576,0.19742557456131363,0.23411793149293078,0.23150200657864523,0.20940144382793283,0.13516805076956195,0.07803931049764358,0.060448989981376655,0.0698004812759776,0.0,0.0349002406379888,0.0,0.0,0.0,0.0,0.0349002406379888,0.0349002406379888,0.07803931049764358,0.0698004812759776,0.07803931049764358,0.3507430775589762,0.24678196820164203,0.18134696994412994,0.09871278728065681,0.04935639364032841,0.0349002406379888,0.0854877814634182,0.0698004812759776,0.060448989981376655,0.0,0.0,0.0,0.0,0.0,0.0349002406379888,0.0349002406379888,0.0,0.0,0.0349002406379888,0.0,0.0,0.0,0.0349002406379888,0.0,0.0,0.0,0.0,0.0,0.0,0.0698004812759776,0.0854877814634182,0.15607862099528716,0.6339943555541667,0.0,0.0,0.0,0.0,0.0,0.0,0.0,0.0,0.0,0.0,0.0,0.0,0.0,0.0,0.0,0.0,0.0,0.0,0.0,0.0,0.0,0.0
Ir,0.0,0.0,0.0,0.03575992699260758,0.050572173742417355,0.025286086871208677,0.0,0.025286086871208677,0.0,0.0,0.0,0.0911702827699797,0.15791156189802621,0.10727978097782273,0.0,0.08386446256813092,0.0,0.0,0.0,0.0,0.03575992699260758,0.07996162762590016,0.07151985398521515,0.10114434748483471,0.1430397079704303,0.17879963496303788,0.23720452072996304,0.2204389946983784,0.12893425037869538,0.10114434748483471,0.11308281825797516,0.10425720702853739,0.03575992699260758,0.025286086871208677,0.0,0.0,0.0,0.0,0.03575992699260758,0.0669006974911935,0.050572173742417355,0.07151985398521515,0.025286086871208677,0.23854846644652689,0.3335463939708332,0.20386294980155242,0.08759357437106756,0.0669006974911935,0.10425720702853739,0.1264304343560434,0.10727978097782273,0.05654140912898758,0.0,0.0,0.0,0.0,0.0,0.04379678718553378,0.04379678718553378,0.0,0.0,0.025286086871208677,0.0,0.025286086871208677,0.03575992699260758,0.025286086871208677,0.0,0.0,0.0,0.0,0.0,0.025286086871208677,0.07585826061362604,0.03575992699260758,0.0669006974911935,0.1909057693934989,0.6141969160313361,0.0,0.0,0.0,0.0,0.0,0.0,0.0,0.0,0.0,0.0,0.0,0.0,0.0,0.0,0.0,0.0,0.0,0.0,0.0,0.0,0.0
Pt,0.0,0.0,0.0,0.04095300778893008,0.02047650389446504,0.02047650389446504,0.02047650389446504,0.03546634510659543,0.0,0.0,0.0,0.06475239082381762,0.13270291214996663,0.10441009292803588,0.0,0.06475239082381762,0.0,0.0,0.0,0.028958149517537956,0.05791629903507591,0.08925501119299013,0.05791629903507591,0.0982018628643111,0.12455371064075751,0.1559444076615844,0.1808435857743461,0.2581988897471611,0.14907119849998596,0.0793051585718144,0.10835147404960015,0.1023825194723252,0.028958149517537956,0.045786854649563,0.0,0.0,0.0,0.02047650389446504,0.05791629903507591,0.08190601557786016,0.06142951168339511,0.05015698625755192,0.04095300778893008,0.1559444076615844,0.2524512946777781,0.30577941104336853,0.09383512906444409,0.04095300778893008,0.10441009292803588,0.134273415480585,0.08190601557786016,0.05417573702480007,0.0,0.0,0.0,0.02047650389446504,0.06142951168339511,0.07093269021319086,0.07093269021319086,0.04095300778893008,0.0,0.05015698625755192,0.028958149517537956,0.028958149517537956,0.045786854649563,0.05791629903507591,0.028958149517537956,0.028958149517537956,0.03546634510659543,0.03546634510659543,0.028958149517537956,0.05015698625755192,0.05417573702480007,0.045786854649563,0.05015698625755192,0.13270291214996663,0.2361465628829384,0.6146362971528592,0.0,0.0,0.0,0.0,0.0,0.0,0.0,0.0,0.0,0.0,0.0,0.0,0.0,0.0,0.0,0.0,0.0,0.0,0.0,0.0
Au,0.024154307519818494,0.0,0.0,0.024154307519818494,0.03415934928425775,0.07246292255945548,0.024154307519818494,0.024154307519818494,0.024154307519818494,0.0,0.0,0.087089594286031,0.09037714315393822,0.10247804785277326,0.024154307519818494,0.0,0.03415934928425775,0.0,0.0,0.024154307519818494,0.04830861503963699,0.04183648784596863,0.04183648784596863,0.09037714315393822,0.10247804785277326,0.108021347127497,0.12550946353790587,0.1823610226732449,0.2689709852353653,0.08367297569193725,0.10247804785277326,0.11329374465857824,0.04183648784596863,0.0,0.04183648784596863,0.0,0.0,0.024154307519818494,0.0540106735637485,0.024154307519818494,0.04183648784596863,0.03415934928425775,0.04183648784596863,0.09037714315393822,0.16022155022819573,0.2354270679369435,0.24985409978331302,0.11068894256880932,0.07638262706675912,0.06390629078841707,0.0540106735637485,0.03415934928425775,0.024154307519818494,0.0,0.0,0.03415934928425775,0.04183648784596863,0.0540106735637485,0.04183648784596863,0.03415934928425775,0.0,0.04830861503963699,0.03415934928425775,0.04830861503963699,0.04830861503963699,0.0540106735637485,0.04830861503963699,0.04830861503963699,0.04183648784596863,0.04183648784596863,0.04830861503963699,0.024154307519818494,0.04183648784596863,0.03415934928425775,0.04830861503963699,0.0935492307634296,0.115839989427335,0.20778320988565235,0.6942000088413851,0.0,0.0,0.0,0.0,0.0,0.0,0.0,0.0,0.0,0.0,0.0,0.0,0.0,0.0,0.0,0.0,0.0,0.0,0.0
Hg,0.0,0.0,0.028843487226888048,0.07065182610835989,0.06449599814746856,0.0,0.0,0.0,0.0,0.0,0.028843487226888048,0.14421743613444024,0.09566302477699623,0.08158170164480041,0.028843487226888048,0.04995838534443404,0.0,0.0,0.0,0.11171034567628377,0.04079085082240021,0.04995838534443404,0.0,0.0,0.13217746352370638,0.08158170164480041,0.08653046168066414,0.09566302477699623,0.11171034567628377,0.18242223059788015,0.1039966721597355,0.06449599814746856,0.04079085082240021,0.04079085082240021,0.0,0.0,0.0,0.08158170164480041,0.07631269414621383,0.04079085082240021,0.0,0.0,0.0,0.04079085082240021,0.09566302477699623,0.09121111529894008,0.12899199629493713,0.26435492704741276,0.11892474444761324,0.08653046168066414,0.04079085082240021,0.04995838534443404,0.0,0.0,0.0,0.07631269414621383,0.07631269414621383,0.07065182610835989,0.07631269414621383,0.07065182610835989,0.028843487226888048,0.06449599814746856,0.09121111529894008,0.07065182610835989,0.06449599814746856,0.07631269414621383,0.08158170164480041,0.07631269414621383,0.04995838534443404,0.07065182610835989,0.07065182610835989,0.028843487226888048,0.0,0.0,0.0,0.0,0.09566302477699623,0.06449599814746856,0.1352879470572615,0.7543550760078673,0.0,0.0,0.0,0.0,0.0,0.0,0.0,0.0,0.0,0.0,0.0,0.0,0.0,0.0,0.0,0.0,0.0,0.0
Tl,0.034523833987986266,0.0,0.08096556751338926,0.0,0.024412037125463696,0.0,0.024412037125463696,0.0,0.0,0.0,0.09454741323391808,0.09134147903669093,0.1582080825300362,0.07719763964105494,0.0,0.034523833987986266,0.0,0.0,0.21141444308780405,0.024412037125463696,0.08096556751338926,0.034523833987986266,0.04882407425092739,0.034523833987986266,0.04882407425092739,0.05979703453926546,0.024412037125463696,0.024412037125463696,0.06458817923045304,0.09764814850185478,0.16193113502677853,0.08801885159438988,0.024412037125463696,0.024412037125463696,0.0,0.0,0.1922205725465698,0.042282888617560806,0.08801885159438988,0.034523833987986266,0.034523833987986266,0.034523833987986266,0.0,0.034523833987986266,0.1064096028358594,0.11959406907853092,0.09454741323391808,0.05979703453926546,0.26742046816540077,0.17088425987824588,0.08456577723512161,0.06458817923045304,0.0,0.0,0.16008043270320632,0.042282888617560806,0.054586974481785386,0.04882407425092739,0.04882407425092739,0.05979703453926546,0.034523833987986266,0.054586974481785386,0.06458817923045304,0.06904766797597253,0.06904766797597253,0.05979703453926546,0.07323611137639108,0.08096556751338926,0.05979703453926546,0.07323611137639108,0.05979703453926546,0.024412037125463696,0.034523833987986266,0.024412037125463696,0.024412037125463696,0.024412037125463696,0.09454741323391808,0.11707601719457923,0.05979703453926546,0.07719763964105494,0.7121456105877366,0.0,0.0,0.0,0.0,0.0,0.0,0.0,0.0,0.0,0.0,0.0,0.0,0.0,0.0,0.0,0.0,0.0
Pb,0.0,0.0,0.021968738758187337,0.021968738758187337,0.021968738758187337,0.031068488300059996,0.0,0.0,0.0,0.0,0.038050971707388075,0.058123819371909635,0.11415291512216423,0.14405865386326414,0.0,0.038050971707388075,0.0,0.0,0.021968738758187337,0.11415291512216423,0.05381220025006314,0.06947125179709104,0.043937477516374675,0.031068488300059996,0.06590621627456202,0.049123593243241205,0.043937477516374675,0.043937477516374675,0.0,0.043937477516374675,0.12032773777797234,0.1553424415003,0.049123593243241205,0.043937477516374675,0.0,0.0,0.0,0.1522038868295523,0.06590621627456202,0.07610194341477615,0.038050971707388075,0.038050971707388075,0.0,0.038050971707388075,0.08219949365267863,0.10067340828210364,0.049123593243241205,0.10762440050012628,0.18380365552345193,0.2778850071883642,0.11415291512216423,0.05381220025006314,0.0,0.0,0.0,0.15688817550695022,0.05381220025006314,0.058123819371909635,0.06947125179709104,0.049123593243241205,0.021968738758187337,0.06947125179709104,0.08219949365267863,0.05381220025006314,0.07610194341477615,0.058123819371909635,0.058123819371909635,0.05381220025006314,0.06590621627456202,0.08219949365267863,0.05381220025006314,0.031068488300059996,0.031068488300059996,0.0,0.031068488300059996,0.031068488300059996,0.09320546490018,0.11830527881772221,0.049123593243241205,0.08787495503274935,0.15378117130731137,0.7345578871506925,0.0,0.0,0.0,0.0,0.0,0.0,0.0,0.0,0.0,0.0,0.0,0.0,0.0,0.0,0.0,0.0
Bi,0.023186944788008413,0.0,0.023186944788008413,0.023186944788008413,0.03279129178919765,0.05184758473652127,0.1087564112558304,0.061346889572455536,0.0,0.0,0.023186944788008413,0.03279129178919765,0.03279129178919765,0.06956083436402524,0.13912166872805048,0.08675760324277122,0.023186944788008413,0.0,0.0,0.046373889576016826,0.046373889576016826,0.046373889576016826,0.046373889576016826,0.04016096644512494,0.03279129178919765,0.046373889576016826,0.04016096644512494,0.04016096644512494,0.023186944788008413,0.03279129178919765,0.046373889576016826,0.09274777915203365,0.2034646147672012,0.08675760324277122,0.03279129178919765,0.0,0.0,0.03279129178919765,0.09837387536759294,0.03279129178919765,0.023186944788008413,0.05184758473652127,0.0,0.023186944788008413,0.061346889572455536,0.023186944788008413,0.04016096644512494,0.05184758473652127,0.061346889572455536,0.1087564112558304,0.29329423004270655,0.10625592962581036,0.023186944788008413,0.0,0.0,0.04016096644512494,0.10106954914038581,0.0655825835783953,0.07332355751067664,0.08360171835451682,0.0,0.08032193289024989,0.08675760324277122,0.07690239589651064,0.06956083436402524,0.06956083436402524,0.06956083436402524,0.08032193289024989,0.05184758473652127,0.06956083436402524,0.05184758473652127,0.03279129178919765,0.046373889576016826,0.0,0.0,0.023186944788008413,0.046373889576016826,0.04016096644512494,0.04016096644512494,0.056796183424706485,0.06956083436402524,0.11359236684941297,0.7859656070617028,0.0,0.0,0.0,0.0,0.0,0.0,0.0,0.0,0.0,0.0,0.0,0.0,0.0,0.0,0.0
Po,0.0,0.0,0.08247860988423225,0.0,0.0,0.0,0.23328473740792174,0.20203050891044214,0.0,0.0,0.0,0.0,0.0,0.08247860988423225,0.23328473740792174,0.3499271061118826,0.0,0.0,0.0,0.0,0.0,0.0,0.0,0.0,0.0,0.0,0.0,0.08247860988423225,0.0,0.08247860988423225,0.0,0.0,0.23328473740792174,0.34006802040680234,0.0,0.0,0.0,0.0,0.0,0.08247860988423225,0.0,0.0,0.0,0.0,0.0,0.08247860988423225,0.0,0.0,0.0,0.14285714285714285,0.24743582965269675,0.3595159254890833,0.0,0.0,0.0,0.0,0.0,0.08247860988423225,0.08247860988423225,0.0,0.0,0.0,0.0,0.0,0.08247860988423225,0.0,0.0,0.0,0.0,0.0,0.0,0.11664236870396087,0.0,0.08247860988423225,0.0,0.0,0.0,0.11664236870396087,0.0,0.0,0.0,0.08247860988423225,0.18442777839082938,0.45922146480918835,0.0,0.0,0.0,0.0,0.0,0.0,0.0,0.0,0.0,0.0,0.0,0.0,0.0,0.0
At,0.0,0.0,0.0,0.0,0.0,0.0,0.0,0.0,0.0,0.0,0.0,0.0,0.0,0.0,0.0,0.0,0.0,0.0,0.0,0.0,0.0,0.0,0.0,0.0,0.0,0.0,0.0,0.0,0.0,0.0,0.0,0.0,0.0,0.0,0.0,0.0,0.0,0.0,0.0,0.0,0.0,0.0,0.0,0.0,0.0,0.0,0.0,0.0,0.0,0.0,0.0,0.0,0.0,0.0,0.0,0.0,0.0,0.0,0.0,0.0,0.0,0.0,0.0,0.0,0.0,0.0,0.0,0.0,0.0,0.0,0.0,0.0,0.0,0.0,0.0,0.0,0.0,0.0,0.0,0.0,0.0,0.0,0.0,0.0,0.0,0.0,0.0,0.0,0.0,0.0,0.0,0.0,0.0,0.0,0.0,0.0,0.0,0.0
Rn,0.0,0.0,0.0,0.0,0.0,0.0,0.0,0.0,0.0,0.0,0.0,0.0,0.0,0.0,0.0,0.0,0.0,0.0,0.0,0.0,0.0,0.0,0.0,0.0,0.0,0.0,0.0,0.0,0.0,0.0,0.0,0.0,0.0,0.0,0.0,0.0,0.0,0.0,0.0,0.0,0.0,0.0,0.0,0.0,0.0,0.0,0.0,0.0,0.0,0.0,0.0,0.0,0.0,0.0,0.0,0.0,0.0,0.0,0.0,0.0,0.0,0.0,0.0,0.0,0.0,0.0,0.0,0.0,0.0,0.0,0.0,0.0,0.0,0.0,0.0,0.0,0.0,0.0,0.0,0.0,0.0,0.0,0.0,0.0,0.0,0.0,0.0,0.0,0.0,0.0,0.0,0.0,0.0,0.0,0.0,0.0,0.0,0.0
Fr,0.0,0.0,0.0,0.0,0.0,0.0,0.0,0.0,0.0,0.0,0.0,0.0,0.0,0.0,0.0,0.0,0.0,0.0,0.0,0.0,0.0,0.0,0.0,0.0,0.0,0.0,0.0,0.0,0.0,0.0,0.0,0.0,0.0,0.0,0.0,0.0,0.0,0.0,0.0,0.0,0.0,0.0,0.0,0.0,0.0,0.0,0.0,0.0,0.0,0.0,0.0,0.0,0.0,0.0,0.0,0.0,0.0,0.0,0.0,0.0,0.0,0.0,0.0,0.0,0.0,0.0,0.0,0.0,0.0,0.0,0.0,0.0,0.0,0.0,0.0,0.0,0.0,0.0,0.0,0.0,0.0,0.0,0.0,0.0,0.0,0.0,0.0,0.0,0.0,0.0,0.0,0.0,0.0,0.0,0.0,0.0,0.0,0.0
Ra,0.0,0.0,0.0,0.12403473458920844,0.0,0.0,0.0,0.0,0.0,0.0,0.0,0.17541160386140583,0.0,0.0,0.0,0.12403473458920844,0.0,0.0,0.0,0.21483446221182986,0.17541160386140583,0.12403473458920844,0.0,0.0,0.17541160386140583,0.0,0.0,0.0,0.0,0.0,0.0,0.12403473458920844,0.0,0.0,0.0,0.0,0.0,0.21483446221182986,0.17541160386140583,0.12403473458920844,0.0,0.0,0.0,0.0,0.0,0.0,0.0,0.21483446221182986,0.0,0.12403473458920844,0.0,0.0,0.0,0.0,0.0,0.21483446221182986,0.17541160386140583,0.17541160386140583,0.17541160386140583,0.17541160386140583,0.0,0.17541160386140583,0.21483446221182986,0.17541160386140583,0.17541160386140583,0.17541160386140583,0.17541160386140583,0.17541160386140583,0.12403473458920844,0.17541160386140583,0.17541160386140583,0.0,0.0,0.0,0.0,0.0,0.0,0.0,0.0,0.21483446221182986,0.0,0.21483446221182986,0.12403473458920844,0.0,0.0,0.0,0.0,0.24806946917841688,0.0,0.0,0.0,0.0,0.0,0.0,0.0,0.0,0.0,0.0
Ac,0.0,0.0,0.0,0.0,0.0,0.0,0.0,0.0,0.0,0.0,0.0,0.13130643285972257,0.0,0.0,0.0,0.13130643285972257,0.0,0.0,0.0,0.0,0.18569533817705183,0.13130643285972257,0.13130643285972257,0.13130643285972257,0.0,0.0,0.0,0.0,0.0,0.0,0.0,0.0,0.0,0.13130643285972257,0.0,0.0,0.0,0.0,0.13130643285972257,0.13130643285972257,0.13130643285972257,0.0,0.0,0.0,0.0,0.0,0.0,0.0,0.0,0.0,0.0,0.0,0.0,0.0,0.0,0.0,0.32163376045133846,0.26261286571944514,0.26261286571944514,0.29361010975735174,0.13130643285972257,0.227429413073671,0.227429413073671,0.227429413073671,0.13130643285972257,0.13130643285972257,0.18569533817705183,0.13130643285972257,0.13130643285972257,0.18569533817705183,0.13130643285972257,0.0,0.13130643285972257,0.0,0.0,0.0,0.0,0.0,0.0,0.0,0.0,0.0,0.18569533817705183,0.0,0.0,0.0,0.0,0.0,0.32163376045133846,0.0,0.0,0.0,0.0,0.0,0.0,0.0,0.0,0.0
Th,0.0,0.0,0.02418254167033372,0.02418254167033372,0.0,0.0,0.0,0.0,0.0,0.0,0.03419927840283847,0.05923488777590924,0.04836508334066744,0.04836508334066744,0.0,0.02418254167033372,0.0,0.0,0.03419927840283847,0.13891812557774846,0.13679711361135388,0.08377078165833911,0.05923488777590924,0.04836508334066744,0.041885390829169554,0.02418254167033372,0.0,0.0,0.02418254167033372,0.03419927840283847,0.03419927840283847,0.03419927840283847,0.0,0.03419927840283847,0.0,0.0,0.0,0.1279619826583191,0.20519567041703082,0.15672078199387576,0.07647191129018727,0.04836508334066744,0.0,0.0,0.03419927840283847,0.02418254167033372,0.03419927840283847,0.03419927840283847,0.07254762501100116,0.07647191129018727,0.02418254167033372,0.03419927840283847,0.0,0.0,0.0,0.10259783520851541,0.20376571801031035,0.23068674489230162,0.21357442517239583,0.2203134396624646,0.0,0.19794263449218719,0.14907119849998599,0.20661572660262859,0.19941434720537296,0.19941434720537296,0.18887168824332312,0.1873171623163388,0.18096557134354566,0.18257418583505536,0.1585755303645848,0.1279619826583191,0.05923488777590924,0.041885390829169554,0.02418254167033372,0.0,0.0,0.02418254167033372,0.0,0.05407380704358752,0.05923488777590924,0.06839855680567694,0.03419927840283847,0.02418254167033372,0.0,0.0,0.0,0.03419927840283847,0.0,0.4890616388040546,0.0,0.0,0.0,0.0,0.0,0.0,0.0,0.0
Pa,0.0,0.0,0.07179581586177382,0.07179581586177382,0.0,0.0,0.0,0.0,0.0,0.0,0.07179581586177382,0.14359163172354764,0.07179581586177382,0.10153461651336192,0.0,0.0,0.0,0.0,0.0,0.12435400084345176,0.16054032476698393,0.16054032476698393,0.16054032476698393,0.12435400084345176,0.07179581586177382,0.10153461651336192,0.07179581586177382,0.10153461651336192,0.07179581586177382,0.12435400084345176,0.0,0.07179581586177382,0.0,0.0,0.0,0.0,0.0,0.14359163172354764,0.12435400084345176,0.20306923302672383,0.14359163172354764,0.10153461651336192,0.0,0.07179581586177382,0.0,0.07179581586177382,0.0,0.10153461651336192,0.07179581586177382,0.14359163172354764,0.07179581586177382,0.07179581586177382,0.0,0.0,0.0,0.12435400084345176,0.12435400084345176,0.20306923302672383,0.17586311452816478,0.14359163172354764,0.0,0.14359163172354764,0.12435400084345176,0.14359163172354764,0.16054032476698393,0.14359163172354764,0.12435400084345176,0.12435400084345176,0.12435400084345176,0.14359163172354764,0.12435400084345176,0.17586311452816478,0.16054032476698393,0.07179581586177382,0.07179581586177382,0.0,0.07179581586177382,0.07179581586177382,0.0,0.0,0.07179581586177382,0.10153461651336192,0.07179581586177382,0.07179581586177382,0.0,0.0,0.0,0.0,0.0,0.23811978273095047,0.38663230087833356,0.0,0.0,0.0,0.0,0.0,0.0,0.0
U,0.0,0.0,0.032715162247569034,0.026711818119635942,0.018888107730216267,0.0,0.0,0.0,0.0,0.0,0.032715162247569034,0.0566643231906488,0.04223509285110283,0.032715162247569034,0.0,0.018888107730216267,0.0,0.0,0.0,0.10850391813078654,0.12949034265352768,0.08233135283072211,0.06264476634093873,0.053423636239271884,0.06810204091778249,0.037776215460432534,0.026711818119635942,0.037776215460432534,0.018888107730216267,0.037776215460432534,0.026711818119635942,0.037776215460432534,0.018888107730216267,0.026711818119635942,0.0,0.0,0.0,0.09814548674270711,0.1657424726778736,0.15460582496495118,0.07555243092086507,0.06810204091778249,0.0,0.026711818119635942,0.0,0.026711818119635942,0.018888107730216267,0.04223509285110283,0.053423636239271884,0.07787766323972711,0.032715162247569034,0.0462662261457484,0.0,0.0,0.0,0.08013545435890781,0.17617654039530412,0.1860262871799058,0.1741397489328663,0.18018106404439743,0.0,0.16466270566144423,0.12240892848312467,0.16894037140441132,0.17311236681639317,0.16681525069070852,0.16681525069070852,0.1635758112378452,0.1568964063971818,0.16027090871781563,0.14260208615869038,0.1133286463812976,0.06264476634093873,0.07315332668049918,0.04223509285110283,0.0,0.018888107730216267,0.032715162247569034,0.018888107730216267,0.04223509285110283,0.026711818119635942,0.053423636239271884,0.0462662261457484,0.026711818119635942,0.0,0.0,0.0,0.026711818119635942,0.026711818119635942,0.22428385256541322,0.08013545435890781,0.6061876211513256,0.0,0.0,0.0,0.0,0.0,0.0
Np,0.0,0.0,0.039730743326450574,0.039730743326450574,0.0,0.0,0.0,0.0,0.0,0.0,0.0,0.08428163408314611,0.0628198210215593,0.028093878027715367,0.0,0.039730743326450574,0.0,0.0,0.028093878027715367,0.11919222997935171,0.14598007237693783,0.09317685232394166,0.07432941462471664,0.07432941462471664,0.0628198210215593,0.056187756055430735,0.028093878027715367,0.056187756055430735,0.028093878027715367,0.039730743326450574,0.039730743326450574,0.039730743326450574,0.028093878027715367,0.039730743326450574,0.0,0.0,0.0,0.11237551211086147,0.18422387807598228,0.14046939013857684,0.08884064287453959,0.0688156660638905,0.0,0.0,0.0,0.04866002412564594,0.039730743326450574,0.056187756055430735,0.07946148665290115,0.07946148665290115,0.028093878027715367,0.04866002412564594,0.0,0.0,0.0,0.09317685232394166,0.2121041277539418,0.21395660072289568,0.21761424346344818,0.2083497757257928,0.0,0.18845946306467784,0.14598007237693783,0.1863537046478833,0.1905419512896381,0.19260192414381266,0.1863537046478833,0.1863537046478833,0.17088838859775551,0.17318229511175107,0.16620562382863338,0.10511766624552735,0.07946148665290115,0.0628198210215593,0.028093878027715367,0.0,0.028093878027715367,0.0688156660638905,0.028093878027715367,0.0628198210215593,0.028093878027715367,0.07432941462471664,0.056187756055430735,0.039730743326450574,0.0,0.0,0.0,0.039730743326450574,0.04866002412564594,0.20063041921514185,0.08884064287453959,0.2574846452537247,0.3652204143602998,0.0,0.0,0.0,0.0,0.0
Pu,0.025189636092993923,0.0,0.043629729537236255,0.035623524993954825,0.0,0.0,0.0,0.0,0.0,0.0,0.035623524993954825,0.08725945907447251,0.0666455127182786,0.035623524993954825,0.0,0.035623524993954825,0.0,0.0,0.025189636092993923,0.11543341412453634,0.15113781655796354,0.09755904108519071,0.09082252454356797,0.07124704998790965,0.0666455127182786,0.0666455127182786,0.035623524993954825,0.05632573863241662,0.025189636092993923,0.050379272185987846,0.05632573863241662,0.035623524993954825,0.025189636092993923,0.025189636092993923,0.0,0.0,0.0,0.10687057498186447,0.19348526616605788,0.14470344257969903,0.09082252454356797,0.06170175523422954,0.0,0.0,0.0,0.043629729537236255,0.043629729537236255,0.050379272185987846,0.07965662348464578,0.07124704998790965,0.025189636092993923,0.025189636092993923,0.0,0.0,0.0,0.09425098795749819,0.1999365381548358,0.21959815630785046,0.20464157101828676,0.2061860576162461,0.025189636092993923,0.18850197591499637,0.1424940999758193,0.19673734713151234,0.1918385531035219,0.1918385531035219,0.18681134108335182,0.19017758198682447,0.17269144456336194,0.1833833188279825,0.16897721589724987,0.12340351046845909,0.08354457152605478,0.05632573863241662,0.025189636092993923,0.0,0.0,0.06170175523422954,0.025189636092993923,0.050379272185987846,0.035623524993954825,0.0666455127182786,0.043629729537236255,0.025189636092993923,0.0,0.0,0.0,0.035623524993954825,0.043629729537236255,0.1851052657026886,0.0666455127182786,0.20924083226828574,0.19511808217038143,0.3453828891267239,0.0,0.0,0.0,0.0
Am,0.0,0.0,0.05679618342470648,0.04016096644512494,0.0,0.0,0.0,0.0,0.0,0.0,0.04016096644512494,0.08980265101338746,0.05679618342470648,0.04016096644512494,0.0,0.04016096644512494,0.0,0.0,0.04016096644512494,0.11359236684941296,0.14480242379008673,0.09837387536759296,0.08032193289024989,0.08032193289024989,0.08032193289024989,0.05679618342470648,0.04016096644512494,0.04016096644512494,0.04016096644512494,0.05679618342470648,0.04016096644512494,0.04016096644512494,0.04016096644512494,0.04016096644512494,0.0,0.0,0.0,0.1270001270001905,0.1796053020267749,0.13912166872805048,0.08032193289024989,0.05679618342470648,0.0,0.0,0.0,0.04016096644512494,0.0,0.06956083436402524,0.09837387536759296,0.08032193289024989,0.04016096644512494,0.0,0.0,0.0,0.0,0.10625592962581035,0.21627342312079653,0.21627342312079653,0.20478155158843714,0.21627342312079653,0.0,0.18404066871736663,0.17038855027411945,0.19260522888423456,0.19260522888423456,0.18837162994395396,0.18837162994395396,0.17505759420922756,0.17038855027411945,0.18404066871736663,0.16064386578049977,0.10625592962581035,0.06956083436402524,0.04016096644512494,0.0,0.0,0.04016096644512494,0.05679618342470648,0.0,0.05679618342470648,0.0,0.08980265101338746,0.08032193289024989,0.04016096644512494,0.0,0.0,0.0,0.04016096644512494,0.08032193289024989,0.13912166872805048,0.08980265101338746,0.18404066871736663,0.20080483222562473,0.21997067253202995,0.27238492687205873,0.0,0.0,0.0
Cm,0.0,0.0,0.05992215177119798,0.05992215177119798,0.0,0.0,0.0,0.0,0.0,0.0,0.04237135986070358,0.1037882113665683,0.05992215177119798,0.04237135986070358,0.0,0.05992215177119798,0.0,0.0,0.0,0.11984430354239596,0.15853911161045844,0.09474524094763923,0.08474271972140716,0.08474271972140716,0.08474271972140716,0.05992215177119798,0.04237135986070358,0.04237135986070358,0.04237135986070358,0.05992215177119798,0.04237135986070358,0.05992215177119798,0.05992215177119798,0.05992215177119798,0.0,0.0,0.0,0.12711407958211077,0.16948543944281433,0.12711407958211077,0.09474524094763923,0.04237135986070358,0.0,0.0,0.0,0.04237135986070358,0.0,0.08474271972140716,0.11210408090304606,0.09474524094763923,0.05992215177119798,0.05992215177119798,0.0,0.0,0.0,0.11210408090304606,0.19873929405579396,0.19873929405579396,0.18949048189527845,0.2032059033055895,0.0,0.1527721105889035,0.1641035710966664,0.18469247573320255,0.17470159220673728,0.16948543944281433,0.17470159220673728,0.1641035710966664,0.15853911161045844,0.1641035710966664,0.1527721105889035,0.08474271972140716,0.07338934806452316,0.04237135986070358,0.0,0.0,0.0,0.05992215177119798,0.0,0.07338934806452316,0.04237135986070358,0.09474524094763923,0.09474524094763923,0.04237135986070358,0.0,0.0,0.0,0.05992215177119798,0.07338934806452316,0.1527721105889035,0.09474524094763923,0.19873929405579396,0.17976645531359395,0.1941699638598877,0.18949048189527845,0.29961075885598987,0.0,0.0
Bk,0.0,0.0,0.06441566264008308,0.06441566264008308,0.0,0.0,0.0,0.0,0.0,0.0,0.0,0.0910975037348554,0.0910975037348554,0.06441566264008308,0.0,0.06441566264008308,0.0,0.0,0.0,0.0910975037348554,0.1704278238830942,0.12883132528016616,0.12883132528016616,0.12883132528016616,0.06441566264008308,0.06441566264008308,0.06441566264008308,0.06441566264008308,0.06441566264008308,0.06441566264008308,0.06441566264008308,0.0,0.0,0.06441566264008308,0.0,0.0,0.0,0.11157120049584025,0.1704278238830942,0.1577855049114651,0.12883132528016616,0.06441566264008308,0.0,0.0,0.0,0.06441566264008308,0.0,0.06441566264008308,0.11157120049584025,0.06441566264008308,0.0,0.0,0.0,0.0,0.0,0.0910975037348554,0.1704278238830942,0.20370021093167762,0.1704278238830942,0.1704278238830942,0.0,0.11157120049584025,0.12883132528016616,0.1577855049114651,0.1821950074697108,0.1577855049114651,0.1704278238830942,0.1704278238830942,0.1577855049114651,0.1821950074697108,0.14403780047891934,0.11157120049584025,0.11157120049584025,0.06441566264008308,0.0,0.0,0.0,0.0910975037348554,0.0,0.0,0.0,0.06441566264008308,0.0910975037348554,0.06441566264008308,0.0,0.0,0.0,0.0,0.06441566264008308,0.1577855049114651,0.11157120049584025,0.1821950074697108,0.1821950074697108,0.20370021093167762,0.20370021093167762,0.20370021093167762,0.24948078863995707,0.0
Cf,0.0,0.0,0.07412493166611012,0.0,0.0,0.0,0.0,0.0,0.0,0.0,0.0,0.07412493166611012,0.0,0.07412493166611012,0.0,0.0,0.0,0.0,0.0,0.10482848367219183,0.14824986333222023,0.0,0.0,0.0,0.07412493166611012,0.0,0.0,0.0,0.0,0.0,0.0,0.0,0.0,0.0,0.0,0.0,0.0,0.10482848367219183,0.16574838603294895,0.12838814775327387,0.0,0.0,0.0,0.0,0.07412493166611012,0.0,0.0,0.07412493166611012,0.10482848367219183,0.10482848367219183,0.0,0.07412493166611012,0.0,0.0,0.0,0.10482848367219183,0.20965696734438366,0.22237479499833038,0.22237479499833038,0.19611613513818404,0.07412493166611012,0.14824986333222023,0.14824986333222023,0.19611613513818404,0.19611613513818404,0.16574838603294895,0.16574838603294895,0.18156825980064073,0.14824986333222023,0.16574838603294895,0.16574838603294895,0.07412493166611012,0.0,0.0,0.0,0.0,0.07412493166611012,0.0,0.0,0.07412493166611012,0.07412493166611012,0.10482848367219183,0.10482848367219183,0.07412493166611012,0.0,0.0,0.0,0.07412493166611012,0.10482848367219183,0.14824986333222023,0.10482848367219183,0.16574838603294895,0.16574838603294895,0.20965696734438366,0.16574838603294895,0.19611613513818404,0.12838814775327387,0.29649972666444047
